run_name,year,step_hr,solve_label,runtime_s,objective,peak_load_mw,total_annual_load_mwh,load_electricity_or_other_mwh,load_heat_mwh,load_high_temp_heat_mwh,load_hydrogen_mwh,load_transport_mwh,cap_gen_Biogas plant_mw,cap_gen_Natural gas_mw,cap_gen_PV ground_mw,cap_gen_nuclear_mw,cap_gen_wind_mw,cap_gen_wind offshore_mw,gen_Biogas plant_mwh,gen_Natural gas_mwh,gen_PV ground_mwh,gen_nuclear_mwh,gen_wind_mwh,gen_wind offshore_mwh,total_generation_mwh,curtailment_total_mwh,curtailment_share_pu,curtailment_wind_mwh,curtailment_wind_share,curtailment_wind_offshore_mwh,curtailment_wind_offshore_share,curtailment_PV_ground_mwh,curtailment_PV_ground_share,storage_power_PSH_mw,storage_energy_PSH_mwh,storage_power_battery_mw,storage_energy_battery_mwh,storage_power_flow_mw,storage_energy_flow_mwh,storage_power_hot_water_mw,storage_energy_hot_water_mwh,storage_power_hydrogen_storage_mw,storage_energy_hydrogen_storage_mwh,storage_power_hydrogen_storage_other_mw,storage_energy_hydrogen_storage_other_mwh,storage_power_transport_mw,storage_energy_transport_mwh,electrolyser_total_mw,heat_pump_total_mw,h2_pipeline_total_mw,chp_h2_total_mw,elec_transmission_total_mw,transmission_mean_utilisation,transmission_peak_utilisation,h2_network_abs_flow_mwh
run_1940_20260416_174339_3hr_Optimal_775s,1940,3,Optimal,775.2621196676046,80512666382.32425,83975.33950731393,497237906.1688944,172532950.4916975,161648271.54552415,3022372.547435834,94892861.2380657,65141450.34617131,4999.0,20200.000000000004,88556.25053547851,19843.0,36400.0,45343.0,27277943.66583243,12054799.903845351,104841043.7824697,129603751.10991947,89879513.34925382,122156390.81251717,485813442.62383795,102284838.06279303,0.24402233571236923,4530848.161011087,0.04799100531481133,97115184.12909696,0.44289910424990164,638805.7726849909,0.006056187749404816,9070.0,72560.0,17469.0,34938.0,156.0,57876.0,30248.74875110053,278288.48851012485,9298.554680255422,985646.7961070747,22353.0,536472.0,1859.05965599804,14872.47724798432,22438.185968626738,27662.62208981458,9529.263258892444,917.4989160923334,166830.98542207453,0.7563999613292619,1.0,50153979.47259576
run_1941_20260416_175638_3hr_Optimal_713s,1941,3,Optimal,713.2164306044579,79271878926.36928,79921.29756349027,495215339.6512226,172532950.4916975,159625705.02785224,3022372.547435834,94892861.2380657,65141450.34617131,4999.0,20199.999999999996,79538.03162352378,19843.0,36400.0,45343.0,27289867.458079964,7287378.606379375,89116775.00778963,132185881.97317322,89504705.99973184,138558046.3812559,483942655.42640996,69868484.11602928,0.18051632365813258,1251453.3135329648,0.013789183268693293,68494529.5781423,0.33080742541247754,122501.22435401562,0.0013727276769406516,9070.0,72560.0,17469.0,34938.0,156.0,57876.0,40609.98539714568,373611.86565374024,9808.204828593356,1039669.7118308957,22353.0,536472.0,1859.05965599804,14872.47724798432,24829.289732251673,25385.466480537765,10009.882084468736,917.4989160923334,164693.82630550326,0.7583410739152311,1.0,52035292.45077688
run_1942_20260416_180833_3hr_Optimal_935s,1942,3,Optimal,934.8592079393566,80499282196.31194,81443.42038197268,493818327.00862044,172532950.4916975,158228692.38525018,3022372.547435834,94892861.2380657,65141450.34617131,4999.0,20200.0,84591.25303070644,19843.0,36400.0,45343.0,27809141.00172104,11844768.611100676,102855181.31893674,131057345.06227829,82253047.72884387,126520822.33775882,482340306.06063944,85009143.04283004,0.21432414789340878,3413422.297765202,0.0398454879336803,81458153.75398017,0.39166532735529047,137566.99108465706,0.0013356958945358248,9070.0,72560.0,17469.0,34938.0,156.0,57876.0,32854.985243428324,302265.86423954053,10502.10143736599,1113222.752360795,22353.000000000007,536472.0000000001,1859.05965599804,14872.47724798432,22370.2378497554,26626.694046012937,10111.817800647623,917.4989160923334,166168.04137040905,0.7590831203176743,1.0,52802448.43351158
run_1943_20260416_182411_3hr_Optimal_698s,1943,3,Optimal,698.1557581014931,76817123780.24129,79521.14708481656,485484505.25775284,172532950.4916975,149894870.63438255,3022372.547435834,94892861.2380657,65141450.34617131,4999.0,20200.0,69844.0,19843.0,36400.0,45343.0,26860290.3247131,6250114.66315454,84623017.02952117,130655650.78988606,90567768.75775813,135245001.63527876,474201843.2003118,85457713.46453346,0.2158603595993776,2370651.020955003,0.025507761231579284,83086969.82833277,0.3805533805761876,92.61524568943496,1.0944438945604542e-06,9070.0,72560.0,17469.0,34938.0,156.0,57876.0,23078.43822622473,212321.63168126752,8122.856781394042,861022.8188277684,22353.0,536471.9999999999,1859.05965599804,14872.47724798432,22565.807124595492,21329.446162383512,7886.589939330806,917.4989160923334,165649.36615221604,0.7581193192767882,1.0,44473858.59919679
run_1944_20260416_183552_3hr_Optimal_1031s,1944,3,Optimal,1031.446091271937,74705408655.67813,75240.21267594778,486543320.6154441,172532950.4916975,150953685.9920738,3022372.547435834,94892861.2380657,65141450.34617131,4999.0,20200.0,80505.53382379471,19843.0,36400.0,45343.0,25869355.737127382,811536.6791703193,92266504.02053748,135216970.32807025,83872880.43731482,138945812.03325284,476983059.2354731,71621108.51572573,0.1852080185619672,1376474.8794504735,0.016146455000583447,70244186.08825746,0.3357913223339821,447.5480177929931,4.850577700732428e-06,9070.0,72560.0,17469.0,34938.0,156.0,57875.99999999999,35227.00748765377,324088.4688864146,7886.896554833133,836011.034812312,22353.0,536472.0,1859.05965599804,14872.47724798432,21555.06882118192,25642.73776512946,8538.898417078253,917.4989160923334,166413.8288708499,0.7540314280245916,1.0,49394648.13400586
run_1945_20260416_185306_3hr_Optimal_1017s,1945,3,Optimal,1016.8663400486112,77195847644.84538,76831.93187110928,487744026.30400026,172532950.4916975,152154391.68062997,3022372.547435834,94892861.2380657,65141450.34617131,4999.0,20200.0,69844.0,19843.0,36400.0,45343.0,26990112.767630868,3208160.050557908,80667902.9521043,131279779.9904754,92071424.61640054,143059159.63285217,477276540.0100212,71503086.58012488,0.1846186316311671,1950103.77774399,0.020741034644423048,69504343.18749087,0.32698154793884726,48639.61489002163,0.0006025978485098145,9070.0,72560.0,17469.0,34938.0,156.0,57876.0,43829.24460562455,403229.05037174583,10577.37013553068,1121201.2343662519,22353.000000000004,536472.0,1859.05965599804,14872.47724798432,25077.967241627186,22808.51729974222,11441.639659176555,917.4989160923334,166492.6292152448,0.7593550330952078,1.0,59524501.76948859
run_1946_20260417_162409_3hr_Optimal_950s,1946,3,Optimal,950.2449972629547,77912228910.53905,76184.24985340332,486793058.6315803,172532950.4916975,151203424.00821,3022372.547435834,94892861.2380657,65141450.34617131,4999.0,20200.0,69844.0,19843.0,36400.0,45343.0,27109257.567308053,6783140.625761123,85186281.01491663,132694765.78454342,88083507.26066229,137413505.27184454,477270457.525036,76157220.69624522,0.19686981557542793,1065778.3469808244,0.011954984717115534,75091442.3492644,0.35336326607867174,5.31134860702262e-10,6.2349812008961526e-18,9070.0,72560.0,17469.0,34938.0,156.0,57876.0,20665.367040265126,190121.37677043915,12222.830784120548,1295620.0631167782,22353.0,536472.0,1859.05965599804,14872.47724798432,24323.866002827097,20111.491912426398,11473.704763502064,917.4989160923334,163886.73414366992,0.7606972107045447,1.0,54846607.54207258
run_1947_20260416_191053_3hr_Optimal_616s,1947,3,Optimal,616.2730704136193,77478851931.4274,78880.93111312957,490547450.4690082,172532950.4916975,154957815.84563798,3022372.547435834,94892861.2380657,65141450.34617131,4999.0,20200.0,74621.21675996308,19843.0,36400.0,45343.0,27522632.20221278,4767279.459014236,89927902.14257802,132511719.85160014,85320091.2479339,140914777.0974253,480964402.00076437,59180361.680134565,0.15767002672541985,1195030.9058867544,0.013812971375829552,57981523.517893836,0.2915163496682717,3807.2563539709977,4.233497149578491e-05,9070.0,72560.0,17469.0,34938.0,156.0,57876.0,30617.432286353887,281680.37703445577,9328.426071751273,988813.1636056349,22353.000000000015,536472.0000000002,1859.05965599804,14872.47724798432,24369.916938807015,25169.372103258207,9063.816145746561,917.4989160923334,164647.74307432515,0.7568454262090653,1.0,46874090.11328097
run_1948_20260416_192112_3hr_Optimal_779s,1948,3,Optimal,778.6697020493448,78660560329.49237,77219.37899345912,485285977.4059481,172532950.4916975,149696342.7825778,3022372.547435834,94892861.2380657,65141450.34617131,4999.0,20200.0,73140.0,19843.0,36400.0,45343.0,27257069.17179256,6560301.705234452,83752260.15149479,129426088.21171482,92445125.7571314,136018018.45668095,475458863.454049,71428503.7217766,0.18618438144356583,183263.4136621725,0.001978479981167701,71175677.0897757,0.3435224073882338,69563.21833874083,0.0008298938813561504,9070.0,72560.0,17469.0,34938.0,156.0,57876.0,34660.09211831103,318872.8474884615,11220.12666158869,1189333.4261284014,22352.999999999996,536471.9999999999,1859.05965599804,14872.47724798432,25264.823012641034,24655.428964436862,11902.217103709645,917.4989160923334,166168.91480815187,0.7585397994719778,1.0,61953992.21733696
run_1949_20260416_193414_3hr_Optimal_1016s,1949,3,Optimal,1015.8579209391028,74798650569.3165,75002.00222356681,484631065.20073974,172532950.4916975,149041430.57736945,3022372.547435834,94892861.2380657,65141450.34617131,4999.0,20200.0,83312.12850105847,19843.0,36400.0,45343.0,26687285.510840327,1418275.9355192776,95238911.57754087,129578670.2421933,94593238.47522104,126094105.1264138,473610486.86772865,105913303.04003732,0.2510748481891068,5475222.690285229,0.054714768534623835,100318555.40976538,0.44307838250831283,119524.93998670769,0.0012534280589294076,9070.0,72560.0,17469.0,34938.0,156.0,57876.0,27131.93191020476,249613.77357388375,6958.813085155118,737634.1870264425,22353.0,536472.0,1859.05965599804,14872.47724798432,21728.352824317397,17467.42971201546,7072.076810516184,917.4989160923334,162910.1294626123,0.7587538983178006,1.0,42263310.76464408
run_1950_20260416_195113_3hr_Optimal_721s,1950,3,Optimal,721.4671076852828,75528881092.02078,83196.07385656626,485486653.70228314,172532950.4916975,149897019.07891288,3022372.547435834,94892861.2380657,65141450.34617131,4999.0,20200.0,73059.90476591571,19843.0,36400.0,45343.0,27011366.140803117,1279132.8582696568,88400902.19476713,133578500.0142645,89518309.24123989,137180061.19957134,476968271.64891565,83151529.75695974,0.2087918699910395,2237992.9963339865,0.02439061886495896,80811375.82268485,0.3707089458492924,102160.93794089266,0.0011543209277141632,9070.0,72560.0,17469.0,34938.0,156.0,57876.0,28153.38636747202,259011.15458074256,12282.61773204124,1301957.4795963715,22353.0,536472.0,1859.05965599804,14872.47724798432,23389.191657228883,24772.97251880687,11933.076356265716,917.4989160923334,165976.3690112647,0.758490822056777,1.0,62513994.772512764
run_1951_20260416_200317_3hr_Optimal_981s,1951,3,Optimal,981.2425801567733,76413230424.7633,77362.68145175788,484184238.8849709,172532950.4916975,148594604.2616006,3022372.547435834,94892861.2380657,65141450.34617131,4999.0,20200.0,109480.65002744927,19843.0,36400.0,45343.0,27119640.42741102,1781490.0878570627,126561175.42652874,132815148.01509076,78421971.58239113,110279391.40381342,476978816.94309217,104267937.49881144,0.24853483473941004,7456310.216369053,0.08682416625245949,91950859.89554584,0.45468400155147964,4860767.386896544,0.03698596507431936,9070.0,72560.0,17469.0,34938.0,156.0,57876.0,35423.06321326615,325892.18156204856,9640.45938138164,1021888.6944264537,22352.999999999996,536471.9999999999,1859.05965599804,14872.47724798432,21582.621854232857,26433.478261460485,8798.51744225598,917.4989160923334,160937.15718331363,0.7585224328175864,1.0,44536676.65758937
run_1952_20260416_202418_3hr_Optimal_990s,1952,3,Optimal,990.4993404429406,78308237803.12206,73851.01805649999,489483736.3765354,172532950.4916975,153894101.75316513,3022372.547435834,94892861.2380657,65141450.34617131,4999.0,20200.0,69844.0,19843.0,36400.0,45343.0,27928766.342055123,3864735.13772342,82296944.20460163,135986831.0338431,83295755.58229232,147146149.14773595,480519181.44825155,54270389.32477559,0.14787199794252728,310672.2353972222,0.0037158893581097107,53959717.08937837,0.2683149830436273,5.21389470009917e-10,6.335465733863341e-18,9070.0,72560.0,17469.0,34938.0,156.0,57876.0,27063.731457442973,248986.3294084753,14688.136019971109,1556942.4181169374,22353.0,536472.0,1859.05965599804,14872.47724798432,27433.314282439234,22346.6104905182,15623.072356778048,917.4989160923334,165850.18313131013,0.7609978118565751,1.0,77890490.12227483
run_1953_20260416_204051_3hr_Optimal_761s,1953,3,Optimal,760.761822944507,78223423867.91693,76408.93643541659,485170114.8130049,172532950.4916975,149580480.18963468,3022372.547435834,94892861.2380657,65141450.34617131,4999.0,20200.0,69844.0,19843.0,36400.0,45343.0,26859746.222174395,8546172.360200288,87680940.88467358,130407438.20094208,84347000.51906215,137281647.3477713,475122945.5348238,74877315.51483876,0.19489814640568362,1376324.8321125973,0.016055429796671447,73499855.734003,0.348701639657142,1134.9487231448825,1.2943908003516932e-05,9070.0,72560.0,17469.0,34938.0,156.0,57876.0,21558.168171356585,198335.14717648053,9480.982568579471,1004984.1522694239,22353.0,536471.9999999999,1859.05965599804,14872.47724798432,23665.999748687143,21180.925037998153,9885.150555451912,917.4989160923334,164335.267234859,0.7572964117345331,1.0,50906187.76150149
run_1954_20260416_205334_3hr_Optimal_883s,1954,3,Optimal,882.6207544356585,77584383464.56784,81641.51250977932,491208223.1656562,172532950.4916975,155618588.54228586,3022372.547435834,94892861.2380657,65141450.34617131,4999.0,20199.999999999996,101829.60957105584,19843.0,36400.0,45343.0,27063137.575922843,2700791.292415704,113528359.32783516,129018788.0927099,82016995.08593073,127485668.87598836,481813740.25080264,86707737.2683281,0.21161712196873442,4372954.746577454,0.05061879020715919,81183994.74453592,0.38905508992519783,1150787.77721472,0.010034847714384903,9070.0,72560.0,17469.0,34938.0,156.0,57876.0,35298.39255656775,324745.21152042324,10962.88794231859,1162066.1218857705,22353.000000000004,536472.0,1859.05965599804,14872.47724798432,24126.426124273225,30186.113135361295,9969.718069446892,917.4989160923334,165054.6177782811,0.7589047789168666,1.0,49961676.50538435
run_1955_20260416_210820_3hr_Optimal_895s,1955,3,Optimal,895.1880577914417,77795932362.71083,74073.21650151005,490027438.0515108,172532950.4916975,154437803.4281405,3022372.547435834,94892861.2380657,65141450.34617131,4999.0,20200.0,100626.73022586554,19843.0,36400.0,45343.0,26484588.34008207,3993073.59843675,114027980.97813918,135849381.5160877,78386761.39717449,122901122.23723692,481642908.0671571,83878562.97591746,0.21011957376919516,4259653.866484267,0.05154069723286056,77901077.87470402,0.38794932441618896,1717831.234729175,0.014841411554224599,9070.0,72560.0,17469.0,34938.0,156.0,57876.0,32383.82540973235,297931.1937695376,12005.021188961347,1272532.246029903,22353.000000000007,536472.0000000001,1859.05965599804,14872.47724798432,23676.164515000644,23745.483942080766,10120.345526153373,917.4989160923334,162168.11951627562,0.7526584841677499,1.0,48008800.504283875
run_1956_20260416_212317_3hr_Optimal_677s,1956,3,Optimal,676.8179084453732,76993250940.00043,82240.01883274197,494559277.52832276,172532950.4916975,158969642.9049525,3022372.547435834,94892861.2380657,65141450.34617131,4999.0,20200.000000000004,69844.0,19843.0,36400.0,45343.0,26803095.981252808,4895138.84389804,80906292.44419713,128615813.68794094,98543271.55861484,144942004.0634671,484705616.57937086,94286075.18048787,0.22519968931067846,2297466.932404537,0.022783122840872173,91988234.40591778,0.38825029257636373,373.8421655496466,4.620659615691767e-06,9070.0,72560.0,17469.0,34938.0,156.0,57876.0,17928.54444906885,164942.60893143338,13789.535741673126,1461690.7886173513,22353.00000000001,536472.0000000002,1859.05965599804,14872.47724798432,23798.884503055087,27451.99125457101,13525.132196593175,917.4989160923334,166195.3635973037,0.7608531636692789,1.0,68966493.63083851
run_1957_20260416_213437_3hr_Optimal_681s,1957,3,Optimal,681.1713417116553,77610629812.7425,73945.93454512158,485948782.7951008,172532950.4916975,150359148.17173064,3022372.547435834,94892861.2380657,65141450.34617131,4999.0,20200.0,69844.0,19843.0,36400.0,45343.0,26692995.272970352,5519385.563977666,78541627.26263094,133508633.82640374,84125182.32043418,148077704.4904805,476465528.73689747,65686167.485061206,0.1744973794726219,279222.76550204074,0.0033081539431246312,65406944.71955914,0.30637774173268445,2.469381346474099e-08,3.14404148798302e-16,9070.0,72560.0,17469.0,34938.0,156.00000000000006,57876.00000000002,23467.373256630843,215899.83396100375,14923.449421016052,1581885.6386277014,22353.00000000001,536472.0000000002,1859.05965599804,14872.47724798432,24384.840363145147,21233.11769686168,13752.965187519028,917.4989160923334,164387.99387414416,0.7517084631158121,1.0,59269465.49887692
run_1958_20260416_214601_3hr_Optimal_952s,1958,3,Optimal,951.6826949641109,78594191151.8591,76297.19768654775,488089769.0660057,172532950.4916975,152500134.44263542,3022372.547435834,94892861.2380657,65141450.34617131,4999.0,20200.0,79629.5059856105,19843.0,36400.0,45343.0,27432954.202739023,5367358.665416561,90027709.55114596,138501644.2114412,80595388.8222647,136023592.68070167,477948648.13370913,64445146.44255479,0.17366360542258588,1908659.9882253706,0.023134137242283952,62536486.4543294,0.31494994727419057,1.1119363910422168e-08,1.2351046101095252e-16,9070.0,72560.0,17469.0,34938.0,156.0,57876.0,35162.560558081466,323495.5571343495,10402.127988201592,1102625.5667493688,22353.000000000004,536472.0,1859.05965599804,14872.47724798432,25627.27766920613,24401.949790933628,13480.690919760991,917.4989160923334,164721.53732422742,0.7622910961761756,1.0,73115774.18629164
run_1959_20260416_220155_3hr_Optimal_822s,1959,3,Optimal,822.3114925455302,79296122223.59447,75366.56651479044,484772716.1693177,172532950.4916975,149183081.54594743,3022372.547435834,94892861.2380657,65141450.34617131,4999.0,20200.0,96440.0,19843.0,36400.0,45343.0,27146433.91307118,7686494.667862546,112114433.13858847,134232029.21528605,78823868.79444194,115528616.72453888,475531876.45378906,88158760.09060955,0.22339843765432224,5421877.485712939,0.06435787829197147,81331318.65309632,0.4131430730030846,1405563.9518003059,0.012381641894169043,9070.0,72560.0,17469.0,34938.0,156.0,57876.0,31702.63084710761,291664.2037933901,9822.133102778167,1041146.1088944856,22352.999999999993,536471.9999999999,1859.05965599804,14872.47724798432,23984.703120087353,23456.86058702101,9317.152729105279,917.4989160923334,163964.73456633126,0.7550926032557733,1.0,46322099.465989985
run_1960_20260416_221541_3hr_Optimal_696s,1960,3,Optimal,695.8222768120468,76731821527.78032,77043.34469971077,486514656.86122656,172532950.4916975,150925022.2378563,3022372.547435834,94892861.2380657,65141450.34617131,4999.0,20200.0,69844.0,19843.0,36400.0,45343.0,26624206.795079958,4745882.644087367,77932512.27597654,135838720.6549621,77376892.6525284,153417081.58732128,475935296.60995567,51725607.06032101,0.14350202976252477,43821.983479443894,0.0005660240116031921,51681785.07684156,0.25198474237048823,4.939575747129471e-10,6.33827346619768e-18,9070.0,72560.0,17469.0,34938.0,156.0,57876.0,30946.229849323376,284705.314613775,8578.811332240788,909354.0012175237,22352.999999999996,536471.9999999999,1859.05965599804,14872.47724798432,23198.496160775518,22434.395709716882,9355.465346148141,917.4989160923334,165453.23929387558,0.7552792753929639,1.0,51730423.66533804
run_1961_20260416_222722_3hr_Optimal_693s,1961,3,Optimal,693.1247449945658,76066008287.98863,78945.08716365701,484719818.8184767,172532950.4916975,149130184.19510642,3022372.547435834,94892861.2380657,65141450.34617131,4999.0,20200.0,69844.0,19843.0,36400.0,45343.0,26805877.047816977,4268621.140297498,79625178.54616967,128256312.42604318,90062651.971424,144627544.52070618,473646185.6524575,89313799.63485825,0.22127686807375088,1708762.7849130132,0.018619771629875048,87591164.81474973,0.37719254002151265,13872.035195506918,0.00017418634569650246,9070.0,72560.0,17469.0,34938.0,156.0,57876.0,23863.778893401286,219546.7658192918,9295.969827299788,985372.8016937778,22353.0,536472.0000000001,1859.05965599804,14872.47724798432,22565.857603374636,23566.45952204893,9455.689089075833,917.4989160923334,166526.27468930755,0.7600883695984196,1.0,49337597.42273057
run_1962_20260416_223900_3hr_Optimal_776s,1962,3,Optimal,775.5439772363752,78020224499.0456,78077.5018805761,491258963.17714775,172532950.4916975,155669328.5537775,3022372.547435834,94892861.2380657,65141450.34617131,4999.0,20200.0,89125.38612116565,19843.0,36400.0,45343.0,27444291.489873134,3821518.299856779,98073224.9167056,130363086.26090474,88903688.98787922,133928206.2141642,482534016.16938365,84542824.05737233,0.20851708652555861,2429058.886854584,0.026595705739487947,82112221.64733455,0.3800780365977798,1543.523183182327,1.5738229187136663e-05,9070.0,72560.0,17469.0,34938.0,155.99999999999997,57875.99999999999,33368.284618728445,306988.21849230165,14623.399125906948,1550080.3073461368,22353.0,536472.0,1859.05965599804,14872.47724798432,24491.10893132308,23568.06158094108,13809.2643692686,917.4989160923334,165468.25104867903,0.7664984879964072,1.0,66721088.27671565
run_1963_20260416_225159_3hr_Optimal_859s,1963,3,Optimal,858.905533304438,81647695045.65941,81245.57013176447,491281580.6847272,172532950.4916975,155691946.0613569,3022372.547435834,94892861.2380657,65141450.34617131,4999.0,20200.0,92473.07459384414,19843.0,36400.0,45343.0,27695337.03664297,11866328.386644471,105158604.8134566,135434108.49328184,74297113.40615562,127622444.07755025,482073936.2137317,63959473.120645575,0.17238001489695887,2173886.867237906,0.02842759816749697,61513987.14811452,0.325236057112279,271599.105293149,0.00257610338591831,9070.0,72560.0,17469.0,34938.0,156.0,57876.0,43561.5010524808,400765.80968282337,11183.49594512345,1185450.5701830857,22353.0,536472.0,1859.05965599804,14872.47724798432,23673.387539008567,27413.129930234976,10500.589400395735,917.4989160923334,166517.70499994425,0.7563345232562944,1.0,53329517.799343765
run_1964_20260416_230621_3hr_Optimal_1463s,1964,3,Optimal,1463.2708817254752,79547347424.31435,77038.00518689511,488713261.0105934,172532950.4916975,153123626.38722312,3022372.547435834,94892861.2380657,65141450.34617131,4999.0,20200.0,85117.60812180702,19843.0,36400.0,45343.0,28387828.591410853,6452936.224776261,96120110.87445916,135457512.42163265,78486208.83974382,135640133.41836348,480544730.37038624,69672667.6980072,0.18338815784185525,1589153.9940027995,0.019845729544837782,67892251.41917291,0.333569773052941,191262.28483147,0.0019858743423285937,9070.0,72560.0,17469.0,34938.0,156.0,57876.0,33714.79978627539,310176.1580337336,16962.076199121293,1797980.0771068572,22353.0,536472.0,1859.05965599804,14872.47724798432,24708.44177566652,25692.947859417334,14797.250964066228,917.4989160923334,166253.01093472476,0.7636972350257113,1.0,69919313.33601059
run_1965_20260416_233046_3hr_Optimal_830s,1965,3,Optimal,830.3261914271861,76836965232.85117,74959.14566384506,491941766.56792974,172532950.4916975,156352131.94455945,3022372.547435834,94892861.2380657,65141450.34617131,4999.0,20200.0,69844.0,19843.0,36400.0,45343.0,26604956.840612754,4219257.821332139,76622422.80544242,132977047.87964058,92801104.10968135,148654944.60873353,481879734.0654428,83045405.53602928,0.20703181806263074,851654.6299479264,0.00909374845343239,82193750.90608135,0.35605031565280876,4.953708979474336e-10,6.46509050236203e-18,9070.0,72560.0,17469.0,34938.0,156.00000000000003,57876.00000000001,22344.948667877412,205573.5277444722,14446.440900161202,1531322.7354170876,22352.999999999996,536472.0,1859.05965599804,14872.47724798432,23911.873073709172,19786.277095566264,12485.249697808787,917.4989160923334,165683.51622289908,0.761529849093457,1.0,55626694.25194022
run_1966_20260416_234439_3hr_Optimal_725s,1966,3,Optimal,725.1668979916722,79446672642.32211,76532.08192217552,485616352.6405978,172532950.4916975,150026718.0172275,3022372.547435834,94892861.2380657,65141450.34617131,4999.0,20200.0,69844.0,19843.0,36400.0,45343.0,28122699.21772325,6349908.851193924,74610938.18078308,130565539.871968,80445111.78457592,156313884.3306353,476408082.23687947,57766448.78741497,0.15649080240993285,26122.757247607442,0.0003246223000846246,57740326.030167356,0.2697462756413387,4.6171743902159723e-10,6.1883344490703385e-18,9070.0,72560.0,17469.0,34938.0,156.0,57876.0,37395.297896064236,344036.740643791,13909.392144732921,1474395.5673416895,22353.0,536472.0,1859.05965599804,14872.47724798432,26669.11859901387,23772.121099170534,12880.999261625664,917.4989160923334,166128.49458236218,0.7629167403059415,1.0,63854560.439949155
run_1967_20260416_235647_3hr_Optimal_642s,1967,3,Optimal,642.08081080392,76467593332.22403,77678.52945762979,482903642.60054195,172532950.4916975,147314007.9771717,3022372.547435834,94892861.2380657,65141450.34617131,4999.0,20200.0,69844.0,19843.0,36400.0,45343.0,26087063.33491914,5531733.777589913,75924985.92840062,131206433.26182596,93514485.27363944,140408531.26667526,472673232.84305036,82413300.01363832,0.21009796146627574,959457.2747115095,0.010155787393129482,81453842.73892681,0.36713680318267183,4.780781867391379e-10,6.296717488890666e-18,9070.0,72560.0,17469.0,34938.0,156.0,57876.0,22444.603023957134,206490.3478204056,7864.029446967446,833587.1213785494,22353.0,536472.0,1859.05965599804,14872.47724798432,22912.722174442606,20800.0306315196,8648.120479093786,917.4989160923334,165563.28509759292,0.7568908663239006,1.0,49021010.99705212
run_1968_20260417_000732_3hr_Optimal_813s,1968,3,Optimal,813.140381520614,80108131376.59769,78437.62152637461,485920041.6780091,172532950.4916975,150330407.0546388,3022372.547435834,94892861.2380657,65141450.34617131,4999.0,20200.000000000004,75897.34328388139,19843.0,36400.0,45343.0,27910351.65653534,10775132.606025437,82081579.54873292,137673323.99479032,77764309.1493226,140445903.5637365,476650600.5191431,67319992.02773471,0.18312794884378236,1875741.3357723602,0.023552739160104145,65413781.629700996,0.3177590676301793,30469.06226135326,0.00037106688697660455,9070.0,72560.0,17469.0,34938.0,156.0,57876.0,23764.03503612151,218629.12233231787,13662.287732459648,1448202.4996407228,22353.000000000007,536472.0000000001,1859.05965599804,14872.47724798432,23401.79206981111,21754.51673548637,13683.313826631773,917.4989160923334,166238.9946156563,0.7650884781044216,1.0,75065009.1259234
run_1969_20260417_002108_3hr_Optimal_836s,1969,3,Optimal,836.4661912564188,78465440614.31554,79076.9876707829,491495902.64358985,172532950.4916975,155906268.02021953,3022372.547435834,94892861.2380657,65141450.34617131,4999.0,20200.0,70646.42749322455,19843.0,36400.0,45343.0,27872382.949441954,6148558.965622482,79487064.1684207,134496293.27293777,90563109.99910556,143326614.81519157,481894024.17072004,71859634.84835556,0.18653385402589936,803839.6510678206,0.008797925881796469,71048449.19604035,0.3314212383970445,7346.00124740076,9.240902890809425e-05,9070.0,72560.0,17469.0,34938.0,156.0,57876.0,27531.230032427495,253287.31629833297,16392.47812440532,1737602.6811869638,22353.000000000007,536472.0000000002,1859.05965599804,14872.47724798432,24303.346996899203,25157.252597490136,14454.948888472678,917.4989160923334,166028.55638976197,0.7585611972003655,1.0,64807597.268649
run_1970_20260417_003507_3hr_Optimal_728s,1970,3,Optimal,728.3488694429398,77859968364.55803,79783.58894521993,490366974.9912183,172532950.4916975,154777340.36784804,3022372.547435834,94892861.2380657,65141450.34617131,4999.0,20200.0,83230.0,19843.0,36400.0,45343.0,27048899.325059675,4426612.852741826,88287957.241351,135759521.7502699,91106264.78801696,134830727.73144197,481459983.68888134,77096841.41217925,0.19701647889602722,1402496.2053352138,0.015160685218088717,75694345.20684403,0.35955026235303184,5.340328234964761e-10,6.048761803793936e-18,9070.0,72560.0,17469.0,34938.0,155.99999999999997,57875.99999999999,42440.93686118159,390456.6191228706,12046.14895860308,1276891.7896119265,22353.0,536472.0,1859.05965599804,14872.47724798432,23441.486272675837,26531.0684787821,10254.412069113125,917.4989160923334,163923.7824677743,0.758980518560064,1.0,49329011.27618816
run_1971_20260417_004718_3hr_Optimal_820s,1971,3,Optimal,819.5539796520025,75724115828.31111,76571.36953193825,485291732.7382449,172532950.4916975,149702098.11487457,3022372.547435834,94892861.2380657,65141450.34617131,4999.0,20200.0,69844.0,19843.0,36400.0,45343.0,26565283.781108797,2262997.8185056,74456806.24660034,132200054.28817897,89438905.18950176,149425038.2368127,474349085.56070817,73270759.09899163,0.18953018221161164,177602.54822503243,0.001981806172863392,73093156.5507666,0.32848170739723376,4.6203522957458457e-10,6.2054129483385e-18,9070.0,72560.0,17469.0,34938.0,156.0,57876.0,35432.56084396285,325979.5597644582,8893.721624384925,942734.4921848022,22353.000000000004,536472.0,1859.05965599804,14872.47724798432,23068.58880674876,25949.915116965094,8319.805921976269,917.4989160923334,166757.9689516296,0.7579147490607482,1.0000000000000002,45515789.9460433
run_1972_20260417_010100_3hr_Optimal_777s,1972,3,Optimal,777.3733524549752,79308156014.18521,78022.05557693251,486517457.5633835,172532950.4916975,150927822.9400132,3022372.547435834,94892861.2380657,65141450.34617131,4999.0,20200.000000000004,88858.2253436619,19843.0,36400.0,45343.0,28107406.680728085,4854488.589692608,89145459.7636276,135269106.00446197,84860577.6349176,137427545.9343846,479664584.6078125,69217056.89350052,0.1818388032983097,1620598.1216244446,0.018739316474919023,67514516.95133954,0.3294322112342226,81941.82053652659,0.0009183481652688791,9070.0,72560.0,17469.0,34938.0,156.0,57876.0,21975.260509798194,202172.3966901434,19677.722417727862,2085838.576279153,22353.0,536471.9999999999,1859.05965599804,14872.47724798432,26421.246796226784,21933.86729980699,14135.653779143917,917.4989160923334,166221.66031923093,0.7634079429325644,1.0,72374081.2178507
run_1973_20260417_011400_3hr_Optimal_1517s,1973,3,Optimal,1517.3187591172755,78013547752.24324,74268.03327387857,486709430.04703057,172532950.4916975,151119795.4236603,3022372.547435834,94892861.2380657,65141450.34617131,4999.0,20200.0,78901.91793658915,19843.0,36400.0,45343.0,26863532.098868374,7178055.194097575,85094885.60871598,137088060.8851062,91010179.14191572,128605314.86110611,475840027.78980994,80125504.62786755,0.20820694719307914,688327.6475085067,0.0075064215504553194,79386538.5676726,0.38168099980350567,50638.41268644051,0.000594727829424268,9070.0,72560.0,17469.0,34938.0,156.0,57876.0,35201.69889642608,323855.62984711997,8695.849607809885,921760.0584278478,22353.000000000004,536472.0,1859.05965599804,14872.47724798432,22268.428627626272,23540.47399731703,8520.968047958739,917.4989160923334,166337.79316493816,0.7533479446290913,1.0,47599602.09506477
run_1974_20260417_013920_3hr_Optimal_938s,1974,3,Optimal,938.4535016398877,75240500617.85805,75385.61162517387,484856801.87600505,172532950.4916975,149267167.25263476,3022372.547435834,94892861.2380657,65141450.34617131,4999.0,20200.0,69844.0,19843.0,36400.0,45343.0,26114354.159154527,3300104.570127313,72530298.17545824,135882052.81728855,92614745.18769348,143360274.00901365,473801828.91873574,81932276.50896965,0.20984730413517458,515003.2766916342,0.005529954554625894,81376226.89305715,0.3620961729244201,41046.33922086309,0.0005655998176051512,9070.0,72560.0,17469.0,34938.0,156.0,57876.0,18311.73168980789,168467.93154623255,10411.006717892184,1103566.7120965715,22353.000000000226,536472.0000000054,1859.05965599804,14872.47724798432,21948.124299817737,17040.554781612598,9439.144136644736,917.4989160923334,164310.82970109378,0.7551419487139429,1.0,51935750.42075024
run_1975_20260417_015501_3hr_Optimal_916s,1975,3,Optimal,915.6710716467351,74965099616.13669,74567.74199884213,481818112.86541325,172532950.4916975,146228478.24204296,3022372.547435834,94892861.2380657,65141450.34617131,4999.0,20200.0,69844.0,19843.0,36400.0,45343.0,26503586.62284303,390586.3076317624,74074792.33992122,135088863.553294,87035602.0805492,150704404.28752846,473797835.19176763,70656662.20201209,0.1847370834778334,165003.11628549,0.0018922244394185622,70475868.44841114,0.31863541705890785,15790.637315469381,0.0002131261043029022,9070.0,72560.0,17469.0,34938.0,156.0,57876.0,27221.244681552915,250435.45107028677,14457.006389407265,1532442.67727717,22353.0,536472.0,1859.05965599804,14872.47724798432,23055.684428219414,22226.587211779122,12351.914964432885,917.4989160923334,164596.58689330478,0.7623340982285152,1.0,55713869.42307909
run_1976_20260417_021020_3hr_Optimal_1256s,1976,3,Optimal,1256.343429306522,78058698286.87956,75468.74167482596,489657098.78669095,172532950.4916975,154067464.1633206,3022372.547435834,94892861.2380657,65141450.34617131,4999.0,20200.0,95898.65941730578,19843.0,36400.0,45343.0,26235404.870094556,7271527.714316241,105288922.795962,139714687.24847943,82107663.50301364,119252440.20665236,479870646.3385182,86178448.29522315,0.2193798902149668,3942118.2210463597,0.045812065319222675,79931549.48063512,0.4012950519072033,2304780.5935416655,0.021421147529405597,9070.0,72560.0,17469.0,34938.0,156.0,57876.0,24798.060169842094,228142.15356254723,8578.464318578232,909317.2177692924,22352.999999999993,536471.9999999998,1859.05965599804,14872.47724798432,21790.010264477613,25346.870808235177,8292.45446585088,917.4989160923334,164939.92773069223,0.7568613384909874,1.0,44912219.60281433
run_1977_20260417_023119_3hr_Optimal_1163s,1977,3,Optimal,1163.1139778215438,77654637986.3699,75987.95835330297,486132800.8322109,172532950.4916975,150543166.20884064,3022372.547435834,94892861.2380657,65141450.34617131,4999.0,20200.0,79679.25635736775,19843.0,36400.0,45343.0,27534618.06551971,3145317.714110078,83563797.80398315,135547416.7918679,87758423.6893951,141700431.45887524,479250005.5237512,71263323.04231863,0.18544346526799702,520151.97454203013,0.005892165461780058,70743171.06777658,0.3329974177919012,1.5795335371365966e-08,1.890212722071024e-16,9070.0,72560.0,17469.0,34938.0,156.0,57876.0,37800.77194341939,347767.1018794584,14892.95608380943,1578653.3448837993,22353.000000000007,536472.0000000002,1859.05965599804,14872.47724798432,24526.173792804642,23606.187919382108,13564.605518161912,917.4989160923334,164678.24055029085,0.7586449636461446,1.0,60465481.95302638
run_1978_20260417_025044_3hr_Optimal_1003s,1978,3,Optimal,1002.7648136503994,78050101183.11557,74356.65248888762,490330302.68648946,172532950.4916975,154740668.06311914,3022372.547435834,94892861.2380657,65141450.34617131,4999.0,20200.000000000004,74485.13142271657,19843.0,36400.0,45343.0,27182411.188703924,3868876.547130037,78905019.56539918,133526358.97141558,91442962.686351,146174532.04766163,481100161.0066614,64440690.721701354,0.16915200699799493,28791.77436650209,0.00031476136580363894,64381902.54631818,0.3057702922756758,29996.401016673542,0.0003800138715299177,9070.0,72560.0,17469.0,34938.0,156.0,57876.0,39662.36870918691,364893.79212451953,15719.968520272269,1666316.6631488602,22352.999999999993,536471.9999999998,1859.05965599804,14872.47724798432,25116.575658444905,26383.9775655888,14790.070522893326,917.4989160923334,166298.87876103993,0.7619331922252199,1.0,71778524.03051762
run_1979_20260417_030730_3hr_Optimal_844s,1979,3,Optimal,844.1812362298369,74325358374.28749,79675.27729471502,489844378.5649489,172532950.4916975,154254743.94157866,3022372.547435834,94892861.2380657,65141450.34617131,4999.0,20200.0,69844.0,19843.0,36400.0,45343.0,25947114.866179205,706138.1287981699,77967742.77129433,132499986.6073241,91858631.11238211,149999142.21531773,478978755.7012956,75758692.62854327,0.191510912107042,566125.0828387015,0.006125253732269469,75192567.54570451,0.3339046878124789,5.7396141698955443e-08,7.361524094306239e-16,9070.0,72560.0,17469.0,34938.0,156.0,57876.0,29097.39402087205,267696.02499202284,8105.153960843434,859146.319849404,22353.000000000004,536472.0000000001,1859.05965599804,14872.47724798432,22148.885637714848,23258.374255433315,8129.8690113214725,917.4989160923334,163010.70177124586,0.7584579694049156,1.0,47151335.0957305
run_1980_20260417_032137_3hr_Optimal_754s,1980,3,Optimal,754.4058486465365,79393650922.42963,76979.74674024942,492310852.2389388,172532950.4916975,156721217.6155685,3022372.547435834,94892861.2380657,65141450.34617131,4999.0,20200.0,79828.8095469145,19843.0,36400.0,45343.0,27154095.60718645,8986743.965152925,80944164.31616333,134950145.10894734,94301693.10755002,135621538.60268146,481958380.70768154,72604300.42189744,0.18933418318579145,585021.9284708883,0.006165477730459664,72019278.49342655,0.3468454781706053,1.0484945290245226e-08,1.2953305996577618e-16,9070.0,72560.0,17469.0,34938.0,156.0,57876.0,27410.994988375987,252181.15389305906,13589.10908214492,1440445.5627073615,22353.000000000007,536472.0000000001,1859.05965599804,14872.47724798432,23293.945227609645,22118.838905924542,12308.860544911455,917.4989160923334,166206.94241457764,0.7581318580958316,1.0,58790444.979255386
run_1981_20260417_033414_3hr_Optimal_813s,1981,3,Optimal,813.1610242277384,75567945544.28246,77204.95712158195,487249779.2665013,172532950.4916975,151660144.64313102,3022372.547435834,94892861.2380657,65141450.34617131,4999.0,20200.0,75180.65652761376,19843.0,36400.0,45343.0,26538504.49042986,992289.1080322488,80789457.76744123,133031118.30690593,94123555.90398537,141764222.2685917,477239147.8453863,71244607.0210092,0.1836571162819929,974162.9596438801,0.010243809959743737,70270444.0613653,0.33141016644901794,1.4240809513392516e-08,1.7627064108272393e-16,9070.0,72560.0,17469.0,34938.0,156.0,57876.0,32690.844047764404,300755.76523943245,9446.882125952508,1001369.505350966,22353.0,536472.0,1859.05965599804,14872.47724798432,23916.1672517312,24854.236697966102,9305.313796572485,917.4989160923334,165831.97204209142,0.7551406003217346,1.0,48949598.56109171
run_1982_20260417_034749_3hr_Optimal_1246s,1982,3,Optimal,1246.329425452277,80402590470.05435,77322.5437929492,484613061.6933873,172532950.4916975,149023427.07001704,3022372.547435834,94892861.2380657,65141450.34617131,4999.0,20200.000000000004,88689.37400562371,19843.0,36400.0,45343.0,26891983.15222496,10780541.55726716,103592691.29963452,133629452.45919465,76837196.34483075,124094240.4371611,475826105.2503131,74177662.39545535,0.19587354551985725,2280850.0961544714,0.028828443051314136,71417181.64259611,0.36528393524481434,479630.65670475474,0.004608628381578447,9070.0,72560.0,17469.0,34938.0,156.0,57876.0,34870.51659433423,320808.75266787485,11474.961358620068,1216345.9040137273,22353.000000000004,536472.0,1859.05965599804,14872.47724798432,23460.400672697106,23813.747428285482,10205.07985857908,917.4989160923334,166223.70769781538,0.7576877339647379,1.0,49134308.59109323
run_1983_20260417_040838_3hr_Optimal_826s,1983,3,Optimal,826.2505437601358,74849430102.47818,76509.40795015586,481734791.13134444,172532950.4916975,146145156.50797412,3022372.547435834,94892861.2380657,65141450.34617131,4999.0,20200.0,69844.0,19843.0,36400.0,45343.0,25582603.30814784,4268692.400195163,76901377.5403381,133815043.62085314,101347465.61763236,129879342.69205566,471794525.1792223,100903584.26667929,0.24668886780579716,1068225.5981280403,0.010430292325791022,99815909.79182664,0.4345580011447542,19448.87672461795,0.0002528427947350259,9070.0,72560.0,17469.0,34938.0,156.0,57876.0,17810.47878556098,163856.404827161,8038.1268186742245,852041.4427794678,22352.999999999996,536472.0,1859.05965599804,14872.47724798432,20505.622668240958,20037.22081595889,7581.49288932915,917.4989160923334,163287.91798411187,0.7553131443187099,1.0,43674292.6895185
run_1984_20260417_042227_3hr_Optimal_1058s,1984,3,Optimal,1057.6561076790094,78956368755.0812,74363.16836540253,486709870.68884194,172532950.4916975,151120236.06547168,3022372.547435834,94892861.2380657,65141450.34617131,4999.0,20200.0,89494.31441001336,19843.0,36400.0,45343.0,27505102.53282802,4700245.372180763,94895815.39495245,133052236.70473808,86165987.11846659,130816588.43039146,477135975.5535574,80330699.28660639,0.20481600576728923,2415874.610220687,0.027272791100517484,77874515.04245229,0.37315685118601133,40309.63393340612,0.00042459742191016607,9070.0,72560.0,17469.0,34938.0,156.0,57876.0,27542.21158241722,253388.3465582384,12660.446547997246,1342007.3340877078,22353.000000000044,536472.000000001,1859.05965599804,14872.47724798432,26968.359958875495,23262.6411510721,12549.929636117522,917.4989160923334,165147.58062460617,0.7613075257304783,1.0,60001473.689306796
run_1985_20260417_044008_3hr_Optimal_694s,1985,3,Optimal,693.6527362558991,81139217909.96992,79736.94714378596,492081711.5599227,172532950.4916975,156492076.93655244,3022372.547435834,94892861.2380657,65141450.34617131,4999.0,20199.999999999996,124181.20325430157,19843.0,36400.0,45343.0,28386637.398849897,6373673.595942476,127176110.22032644,129630762.67879924,78825297.64433286,111784936.9514354,482177418.4896863,110145642.03255585,0.2573905326491113,8046466.341477386,0.092624645480825,97094051.58120878,0.4648339800153869,5005124.109869679,0.03786561787860597,9070.0,72560.0,17469.0,34938.0,156.0,57876.0,33248.72855245832,305888.3026826165,13097.618332492995,1388347.5432442573,22353.000000000004,536472.0,1859.05965599804,14872.47724798432,26269.13909244226,30858.044078007122,12830.552340051003,917.4989160923334,165837.57941140482,0.7561391663208579,1.0,60947092.04211579
run_1986_20260417_045144_3hr_Optimal_791s,1986,3,Optimal,791.1504730284214,75592542014.33487,78625.85940835523,488518822.3582766,172532950.4916975,152929187.7349063,3022372.547435834,94892861.2380657,65141450.34617131,4999.0,20200.0,69844.0,19843.0,36400.0,45343.0,26240236.582022704,3866210.069893053,78842228.94109692,131016114.21583793,94086332.32575066,143518170.55784845,477569292.6924497,86212336.68011104,0.21410752525766721,1084431.3101212797,0.011394584520417245,84971707.7500275,0.3718839030389857,156197.61996225684,0.001977224443091017,9070.0,72560.0,17469.0,34938.0,156.0,57876.0,20986.924695144364,193079.70719532814,8931.208945091308,946708.1481796785,22352.999999999996,536471.9999999999,1859.05965599804,14872.47724798432,22212.892990659395,23051.520420383233,8731.087003040562,917.4989160923334,165590.63445117272,0.7579198045832172,1.0,50080314.16232338
run_1987_20260417_050458_3hr_Optimal_1090s,1987,3,Optimal,1089.7551073357463,78137332179.3375,82318.7826196632,493181158.00339925,172532950.4916975,157591523.38002896,3022372.547435834,94892861.2380657,65141450.34617131,4999.0,20200.0,96199.99729336952,19843.0,36400.0,45343.0,27200954.07415788,3478295.1344363694,103888454.5186389,131368593.9600609,86455532.06062353,130804873.34030354,483196703.0882211,82503493.51221469,0.20439245011405133,3067600.328776734,0.0342660075323824,79186632.92705637,0.37709445650742,249260.25638158314,0.002393563723960008,9070.0,72560.0,17469.0,34938.0,156.0,57876.0,39638.683042082004,364675.8839871544,12466.07286538268,1321403.7237305641,22353.0,536472.0,1859.05965599804,14872.47724798432,24208.28456618805,33234.71110240466,12574.902923910984,917.4989160923334,166191.25777437206,0.7613122674073354,1.0,63069075.28324429
run_1988_20260417_052310_3hr_Optimal_1091s,1988,3,Optimal,1090.9051688611507,75069207175.57468,73321.20793460272,484356240.1650583,172532950.4916975,148766605.54168802,3022372.547435834,94892861.2380657,65141450.34617131,4999.0,20200.0,80938.12753576651,19843.0,36400.0,45343.0,26420348.734519903,1164783.087160758,88380002.17434755,134342927.98250872,94700155.5426142,129506676.6365667,474514894.1577178,85121098.90690383,0.21402917012262387,1236243.2837485266,0.012886071385547664,83839244.17148805,0.39297327014246314,45611.451667252986,0.0005158171913871131,9070.0,72560.0,17469.0,34938.0,156.0,57876.0,28232.527969838935,259739.25732251815,7951.894950392811,842900.864741638,22353.0,536472.0,1859.05965599804,14872.47724798432,22574.53767748527,21708.707908666875,7692.793451054027,917.4989160923334,163523.3419243688,0.7574435804825114,1.0,43927392.77574537
run_1989_20260417_054124_3hr_Optimal_621s,1989,3,Optimal,621.1729355305433,74139784632.14224,73254.37575626452,480113991.82312,172532950.4916975,144524357.19974968,3022372.547435834,94892861.2380657,65141450.34617131,4999.0,20200.0,69844.0,19843.0,36400.0,45343.0,26179906.239126127,876238.0304729957,77545331.35518815,132946212.77093785,90925815.08562754,142042111.05954584,470515614.54089856,78192710.19706218,0.20116158920909305,1028235.4524394464,0.01118205719512137,77164474.74462274,0.35201713699225606,4.671882057648638e-10,6.024710934884758e-18,9070.0,72560.0,17469.0,34938.0,156.0,57876.0,21930.56210617534,201761.17137681312,9412.15817053691,997688.7660769124,22353.0,536472.0,1859.05965599804,14872.47724798432,21974.931498946928,18515.726267077654,8451.957395831856,917.4989160923334,163494.53755064876,0.7580444030746664,1.0,44241234.06575176
run_1990_20260417_055147_3hr_Optimal_927s,1990,3,Optimal,926.8963602595031,74797631057.19069,73111.1946678783,481127054.7485956,172532950.4916975,145537420.12522534,3022372.547435834,94892861.2380657,65141450.34617131,4999.0,20200.0,69844.0,19843.0,36400.0,45343.0,26308369.956149608,1098723.2657936455,78283158.76459754,131605819.97182108,99297499.49431804,133923236.96999002,470516808.4226699,94060748.54588626,0.23192541556489524,385117.5217642975,0.003863437109624374,93675631.02412197,0.41158214823174494,5.549320322923226e-10,7.088779260441428e-18,9070.0,72560.0,17469.0,34938.0,156.00000000000003,57876.00000000001,24987.078498668932,229881.12218775414,8923.715773929829,945913.8720365617,22353.0,536472.0,1859.05965599804,14872.47724798432,23422.7151394112,19106.889024483633,9086.90145085091,917.4989160923334,166029.41365101465,0.7536731141729865,1.0,48598421.03083986
run_1991_20260417_060717_3hr_Optimal_982s,1991,3,Optimal,982.217781489715,77560321359.06161,77410.46139636844,487009019.4676042,172532950.4916975,151419384.8442339,3022372.547435834,94892861.2380657,65141450.34617131,4999.0,20200.0,69844.0,19843.0,36400.0,45343.0,26373781.227040272,5216756.521943329,77553801.37307306,136617879.4354368,86704641.03733724,145707540.9673216,478174400.56215227,67500452.36195976,0.178825045012793,398910.8300577771,0.004579730923776741,67101541.531901985,0.3153133350506995,5.324507129146096e-10,6.8655656265416575e-18,9070.0,72560.0,17469.0,34938.0,156.0,57876.0,27561.623008949762,253566.93168233777,16381.523313974822,1736441.4712813308,22353.000000000004,536472.0,1859.05965599804,14872.47724798432,24013.04498826568,21116.121135089154,16256.64543958534,917.4989160923334,165450.58071096792,0.7589741146364306,1.0,78211221.59073366
run_1992_20260417_062342_3hr_Optimal_710s,1992,3,Optimal,709.9641460366547,75915737167.86635,73912.84547762565,482616120.2475172,172532950.4916975,147026485.6241469,3022372.547435834,94892861.2380657,65141450.34617131,4999.0,20200.0,69844.0,19843.0,36400.0,45343.0,25873155.845353708,4362740.757238393,80902610.64296924,131435442.33459708,93492760.53719927,136939178.7484901,473005888.86584777,82979658.80269648,0.21044044816361374,1309340.6592459334,0.013811304208681516,81670318.14345054,0.3735899826155721,5.309291613124489e-10,6.562571431167887e-18,9070.0,72560.0,17469.0,34938.0,156.0,57876.0,22399.88845449357,206078.97378134087,9073.791738580883,961821.9242895736,22352.999999999996,536472.0,1859.05965599804,14872.47724798432,22865.073947351542,20801.784685429004,8889.001694493138,917.4989160923334,165088.78722162772,0.7552434439162465,1.0,47681478.13486533
run_1993_20260417_063535_3hr_Optimal_971s,1993,3,Optimal,970.9890930112451,77662370035.9338,76443.98801398577,487100294.55239356,172532950.4916975,151510659.92902327,3022372.547435834,94892861.2380657,65141450.34617131,4999.0,20200.0,82680.93723964236,19843.0,36400.0,45343.0,27079837.30532798,4525113.331231007,94648061.90141504,131579197.38576996,94351796.86844896,127402108.36852448,479586115.1607174,97906710.02555677,0.23631344314525474,3472873.8760300623,0.03550100245266602,94391148.41821755,0.425581687133909,42687.7313091592,0.0004508120537088529,9070.0,72560.0,17469.0,34938.0,155.99999999999997,57875.99999999999,30969.656268204348,284920.83766748,16896.58615081107,1791038.1319859733,22353.0,536471.9999999999,1859.05965599804,14872.47724798432,23143.055576563376,28417.72182770974,13953.250040797488,917.4989160923334,166318.3702583769,0.7575903473596021,1.0,69368762.98926517
run_1994_20260417_065148_3hr_Optimal_779s,1994,3,Optimal,778.607813635841,76069556648.05113,77268.59918482968,482040993.2108552,172532950.4916975,146451358.58748487,3022372.547435834,94892861.2380657,65141450.34617131,4999.0,20200.0,69844.0,19843.0,36400.0,45343.0,26088595.72546319,4655430.764276644,80260652.68472074,132073358.21666688,96279089.8790004,132714431.32902966,472071558.5991576,89057051.80413954,0.22358659776242756,1663787.0508389683,0.016987320599447596,87383753.88767704,0.39702169194011283,9510.865623532014,0.0001184856888645423,9070.0,72560.0,17469.0,34938.0,155.99999999999997,57875.99999999999,19178.225146561545,176439.6713483662,9896.814654068403,1049062.3533312506,22353.0,536472.0,1859.05965599804,14872.47724798432,22922.14112072617,21240.11431748991,9263.122669765255,917.4989160923334,165162.96753520024,0.7561753277307555,1.0,46985635.48897865
run_1995_20260417_070449_3hr_Optimal_767s,1995,3,Optimal,766.5099410489202,77701576164.11377,76764.86874056282,485083009.693366,172532950.4916975,149493375.0699957,3022372.547435834,94892861.2380657,65141450.34617131,4999.0,20200.0,69844.0,19843.0,36400.0,45343.0,26791991.65179055,7243116.415811287,79735672.60796154,132692698.4218608,92054384.96356614,136067347.28306147,474585211.3440517,78630647.12262535,0.2034491020365897,867004.093692625,0.009330511548408083,77762171.78295167,0.3636643440186234,1471.2459810534565,1.8451199904380714e-05,9070.0,72560.0,17469.0,34938.0,156.0,57876.0,23927.70124124937,220134.85141949414,9752.729981532138,1033789.3780424066,22353.0,536472.0,1859.05965599804,14872.47724798432,23421.36043995496,20077.136866941382,9163.253729622027,917.4989160923334,164312.5330577886,0.7570213028872174,1.0,45584895.999137916
run_1996_20260417_071739_3hr_Optimal_991s,1996,3,Optimal,990.5281306132674,82623034458.58145,78751.25551149168,491643642.1976007,172532950.4916975,156054007.5742304,3022372.547435834,94892861.2380657,65141450.34617131,4999.0,20200.0,102035.1146616558,19843.0,36400.0,45343.0,28781369.413338467,11943167.529117214,111511045.6130496,135123767.86801678,71478572.8864878,123770300.44109572,482608223.75110555,67290296.80831997,0.17989642560048988,4313241.432000595,0.056909066906316745,61572884.89584642,0.3322101364769298,1404170.4804729507,0.012435617882623897,9070.0,72560.0,17469.0,34938.0,156.0,57876.0,39641.85336961881,364705.0510004931,14811.265635953592,1569994.1574110808,22353.000000000055,536472.0000000014,1859.05965599804,14872.47724798432,24349.129279281777,28420.852584508713,13898.550441238469,917.4989160923334,166303.80427900795,0.7602971454306939,1.0,62463153.366077825
run_1997_20260417_073412_3hr_Optimal_903s,1997,3,Optimal,903.2209336776286,81088218619.34183,75008.25185260105,486301274.2704398,172532950.4916975,150711639.6470695,3022372.547435834,94892861.2380657,65141450.34617131,4999.0,20199.999999999996,74827.62708689735,19843.0,36400.0,45343.0,27452713.978070505,14713865.495026436,84660217.31607912,138141957.75596637,86784029.1866968,124562847.58625174,476315631.3180909,84067879.29052287,0.22118762133433542,1539065.5644748965,0.017425403500763634,82528813.72604796,0.3985134563269616,1.9945430055940024e-08,2.3559389153790745e-16,9070.0,72560.0,17469.0,34938.0,156.0,57876.0,26937.97639921168,247829.3828727474,8997.342070543576,953718.2594776191,22352.999999999993,536472.0,1859.05965599804,14872.47724798432,22302.155974735855,20435.765752775667,8594.121013816126,917.4989160923334,165706.23421844002,0.7524136525599769,1.0,47307040.93563094
run_1998_20260417_074918_3hr_Optimal_803s,1998,3,Optimal,802.882835239172,77381777675.35406,77037.6463213178,484692939.26871526,172532950.4916975,149103304.64534494,3022372.547435834,94892861.2380657,65141450.34617131,4999.0,20200.000000000004,69844.0,19843.0,36400.0,45343.0,26860498.202844184,6390151.374424507,76376115.78945158,132587690.51702575,100554124.07711734,134211945.91392116,476980525.8747845,93695635.02331452,0.2314399253441629,1252858.8779573594,0.012306217526459587,92442776.14535716,0.40785726988378745,4.563800236161153e-10,5.975428560339888e-18,9070.0,72560.0,17469.0,34938.0,156.0,57876.0,20329.508928458104,187031.48214181454,16720.529878045636,1772376.1670728375,22353.0,536472.0,1859.05965599804,14872.47724798432,22441.755670421648,19594.442432868353,11911.671402257056,917.4989160923334,165380.33705195112,0.7579900408966573,1.0,56779776.15002861
run_1999_20260417_080243_3hr_Optimal_1146s,1999,3,Optimal,1146.0078743230551,75564957148.87686,76158.6476038852,481460941.84028614,172532950.4916975,145871307.21691582,3022372.547435834,94892861.2380657,65141450.34617131,4999.0,20200.0,69844.0,19843.0,36400.0,45343.0,26048403.28129172,2066099.152182349,79152876.17075999,139260671.6078021,87478986.65643767,138605528.86921877,472612565.73769253,59137090.12036323,0.16229756218249078,238127.06098831116,0.002714716101529428,58878150.20785881,0.2981418539649862,20812.851516108738,0.00026287585905278326,9070.0,72560.0,17469.0,34938.0,156.0,57876.0,23209.489074424517,213527.29948470552,13727.445176202978,1455109.1886775158,22353.0,536472.0,1859.05965599804,14872.47724798432,23519.990799551713,20304.298914646795,12002.818766540879,917.4989160923334,165145.85579907335,0.760320886223098,1.0,57864432.17321561
run_2000_20260417_082152_3hr_Optimal_712s,2000,3,Optimal,711.7107363082469,75810352203.74107,75700.74096502925,478297703.8975703,172532950.4916975,142708069.27420002,3022372.547435834,94892861.2380657,65141450.34617131,4999.0,20200.0,69844.0,19843.0,36400.0,45343.0,26618114.334023125,3705808.646055521,81271554.38083054,136529075.69860262,84782105.25739546,136929814.7668846,469836473.08379185,73958812.10036688,0.19620725704729805,1450097.9634067258,0.01681619985626614,72488261.130917,0.3461413768613746,20453.006043150854,0.0002515992248267869,9070.0,72560.0,17469.0,34938.0,156.0,57876.0,15211.186367518862,139942.9145811735,10652.8344454229,1129200.4512148276,22352.999999999993,536471.9999999999,1859.05965599804,14872.47724798432,23272.5530156652,18378.248630106078,9580.972517374386,917.4989160923334,165072.23132160038,0.7571648879670669,1.0,45424324.20221216
run_2001_20260417_083346_3hr_Optimal_2673s,2001,3,Optimal,2672.952730773017,77950028666.33405,75564.84298239682,484757738.49487865,172532950.4916975,149168103.87150842,3022372.547435834,94892861.2380657,65141450.34617131,4999.0,20200.0,69844.0,19843.0,36400.0,45343.0,26942338.398508266,6313083.94082672,75214511.7592976,142066331.84673148,82399682.9113257,143051290.59769955,475987239.45438933,52587376.621983975,0.14886610214730978,149683.10626593698,0.0018132556733880694,52437693.515718035,0.2682386107510901,4.887383050350413e-10,6.497925647634432e-18,9070.0,72560.0,17469.0,34938.0,156.0,57876.0,30209.024610289944,277923.02641466743,11597.583202983624,1229343.8195162641,22353.0,536472.0,1859.05965599804,14872.47724798432,23812.955562146137,22381.027815776346,11485.606750670526,917.4989160923334,166230.70764160182,0.7573635964167795,1.0,57178920.07488134
run_2002_20260417_091822_3hr_Optimal_1172s,2002,3,Optimal,1171.9227267429233,75226121967.53902,77411.0683437602,480601447.57456684,172532950.4916975,145011812.95119652,3022372.547435834,94892861.2380657,65141450.34617131,4999.0,20199.999999999996,69844.0,19843.0,36400.0,45343.0,25878761.05443229,2659171.7311722627,80222917.1458416,133380437.48987228,89614591.78585707,138377253.99597868,470133133.2031542,85602217.87591714,0.217365482060358,1006950.6317171985,0.011111603321399814,84595267.24419992,0.37939772476755435,1.6786889713254864e-08,2.092530452705561e-16,9070.0,72560.0,17469.0,34938.0,156.0,57876.0,31302.240384693057,287980.6115391761,6767.590956247187,717364.6413622019,22352.999999999993,536471.9999999999,1859.05965599804,14872.47724798432,22638.97638180645,22330.1216137993,7315.868209077635,917.4989160923334,166674.16634279382,0.7559661091751031,1.0,43129206.09219082
run_2003_20260417_093756_3hr_Optimal_891s,2003,3,Optimal,890.9157312531024,79222471209.85146,77182.04108243098,484258222.5509076,172532950.4916975,148668587.9275373,3022372.547435834,94892861.2380657,65141450.34617131,4999.0,20200.0,100353.56240755333,19843.0,36400.0,45343.0,26991914.828428306,7601485.953085449,118792067.46904176,134086490.94452146,74540489.81392436,113593146.2424612,475605595.2514625,96586064.56996694,0.23936368702670324,7685065.304131379,0.09346322190345452,85838374.59691265,0.43041528358026065,3062624.668922906,0.02513341599891273,9070.0,72560.0,17469.0,34938.0,156.0,57876.0,30015.796873883624,276145.3312397293,11681.267078512928,1238214.3103223704,22353.000000000004,536472.0000000001,1859.05965599804,14872.47724798432,23387.255593284615,24595.71685301891,11116.629998179036,917.4989160923334,165755.14650372046,0.7503529354101999,1.0,53062437.79743516
run_2004_20260417_095250_3hr_Optimal_740s,2004,3,Optimal,739.6639317460358,75913224689.33128,76916.73118668271,483783068.79096586,172532950.4916975,148193434.16759554,3022372.547435834,94892861.2380657,65141450.34617131,4999.0,20200.0,69844.0,19843.0,36400.0,45343.0,26251414.31360773,3120563.058784426,81322319.50998671,131927755.90891816,88018291.25688359,143380298.2869566,474020642.3351372,76861923.75710808,0.19729289199562586,1256679.059036504,0.01407649932102846,75605244.69807157,0.345252219244666,4.628228529590661e-10,5.691215594289948e-18,9070.0,72560.0,17469.0,34938.0,156.0,57876.0,33325.8925042847,306598.21103941917,8915.429575675253,945035.5350215768,22353.0,536471.9999999999,1859.05965599804,14872.47724798432,23165.439063827784,23751.876600539355,9681.61515596075,917.4989160923334,164628.43500052497,0.7595328108113844,1.0,54451892.482898355
run_2005_20260417_100512_3hr_Optimal_980s,2005,3,Optimal,979.8622220121324,75077892409.31143,74025.30720324111,484184542.12519896,172532950.4916975,148594907.5018287,3022372.547435834,94892861.2380657,65141450.34617131,4999.0,20200.0,79267.68512211616,19843.0,36400.0,45343.0,26016488.56856529,845398.2948932054,95610528.57643068,139293821.40875447,80581381.84570508,133889247.87926364,476236866.5736124,66838096.445842125,0.17732736018135203,1321364.911973502,0.01613334062999588,65465537.631033495,0.32838708869449124,51193.902835130204,0.0005351555617893692,9070.0,72560.0,17469.0,34938.0,156.0,57876.0,26700.449361887055,245644.1341293609,12659.852651377752,1341944.3810460418,22353.0,536472.0,1859.05965599804,14872.47724798432,22773.196405140734,21038.927085850006,9844.539906292097,917.4989160923334,161218.71330467175,0.7584541871331477,1.0,47711659.65022276
run_2006_20260417_102135_3hr_Optimal_603s,2006,3,Optimal,602.9907724764198,77731032630.6737,80492.36716163796,482552002.16006064,172532950.4916975,146962367.53669032,3022372.547435834,94892861.2380657,65141450.34617131,4999.0,20200.0,91063.10108189883,19843.0,36400.0,45343.0,26733819.9117205,6455541.940095666,108312663.29926834,134015434.17217337,73018970.00961292,124684065.37374158,473220494.70661235,75155857.32437855,0.19717068637463434,3898371.286356374,0.050682605777507515,70096523.5964593,0.35987427683151424,1160962.4415628933,0.010604951043746057,9070.0,72560.0,17469.0,34938.0,156.0,57876.0,33835.05062763291,311282.4657742228,8501.461090947609,901154.8756404464,22353.0,536472.0,1859.05965599804,14872.47724798432,21684.163208748192,28666.30718119131,8378.40777823101,917.4989160923334,164988.79983001537,0.7586895457634071,1.0,45566279.08733188
run_2007_20260417_103140_3hr_Optimal_629s,2007,3,Optimal,628.5409173611552,75506944017.44168,74472.75366129821,479538018.0866977,172532950.4916975,143948383.46332744,3022372.547435834,94892861.2380657,65141450.34617131,4999.0,20200.0,69844.0,19843.0,36400.0,45343.0,25832005.790331066,4121029.6118446873,80388034.45051101,129938051.66696972,93877255.95778088,136303785.72072524,470460163.1981626,89138926.01094493,0.2230101112154935,2000490.8757474716,0.020865017606447135,87108014.61510885,0.3898988973911648,30420.52008861476,0.00037827784803545745,9070.0,72560.0,17469.0,34938.0,156.0,57876.0,16240.651615083127,149413.99485876475,9537.430604854406,1010967.644114567,22353.0,536472.0,1859.05965599804,14872.47724798432,22697.86553304315,16679.47219525467,9082.17116493754,917.4989160923334,165026.90557402876,0.7552469115169005,1.0,48448633.212295465
run_2008_20260417_104211_3hr_Optimal_1036s,2008,3,Optimal,1035.8003679066896,75930185137.79094,73834.1390065059,478853118.1956824,172532950.4916975,143263483.57231212,3022372.547435834,94892861.2380657,65141450.34617131,4999.0,20199.999999999996,73922.58952116838,19843.0,36400.0,45343.0,26353137.279303875,4204008.825884429,83779218.96505786,131012164.2015742,90068314.84606832,134019558.45386416,469436402.57175285,87624958.66048107,0.22155934223063314,1490998.7187037803,0.016284511762415476,86117614.47557819,0.3911997838874231,16345.466199093049,0.00019506362073021559,9070.0,72560.0,17469.0,34938.0,156.0,57876.0,26313.787159534026,242086.84186771305,11657.367624912988,1235680.9682407766,22353.0,536472.0,1859.05965599804,14872.47724798432,21693.996155604633,19298.93124075173,9896.789617535345,917.4989160923334,164279.04360258425,0.7571823812483651,1.0,45929154.66767466
run_2009_20260417_105930_3hr_Optimal_814s,2009,3,Optimal,814.4684155285358,81076102890.0429,77696.94642974452,483289507.39508665,172532950.4916975,147699872.7717164,3022372.547435834,94892861.2380657,65141450.34617131,4999.0,20200.0,99058.67495301801,19843.0,36400.0,45343.0,28871253.16793044,7565907.581770495,115014820.84675752,132903277.25080964,71287959.55653103,117773875.90337066,473417094.3071698,89467194.13913949,0.22733729427559976,6383340.160709946,0.08218402658317936,82247461.71106392,0.41119343912005024,836392.2673656198,0.007219538275716661,9070.0,72560.0,17469.0,34938.0,156.0,57876.0,44131.884135953944,406013.3340507762,11464.377755841939,1215224.0421192455,22352.999999999996,536471.9999999999,1859.05965599804,14872.47724798432,26581.524207987808,27831.09513683154,12054.358423598256,917.4989160923334,166100.30057979812,0.7590826537815647,1.0,59138919.58140068
run_2010_20260417_111307_3hr_Optimal_924s,2010,3,Optimal,923.6607304215431,78413487061.55678,79612.19260089404,488071003.7844041,172532950.4916975,152481369.1610338,3022372.547435834,94892861.2380657,65141450.34617131,4999.0,20200.0,76301.45415391462,19843.0,36400.0,45343.0,26954920.1267103,6544498.663451363,85719778.25145173,132207578.537141,84809946.94789149,141950018.52852643,478186741.0551723,59741582.87279246,0.16050016106920836,229253.1382429817,0.0026958524775732616,59512329.73454947,0.29540174751087284,8.68910064602893e-09,1.0136634535544629e-16,9070.0,72560.0,17469.0,34938.0,156.0,57876.0,38784.73908934815,356819.5996220029,9627.66557503231,1020532.550953425,22353.0,536472.0,1859.05965599804,14872.47724798432,24145.57683341173,24085.0449240706,9759.08751883676,917.4989160923334,166723.3964305607,0.7597583474453002,1.0000000000000002,51825752.69475793
run_2011_20260417_112833_3hr_Optimal_765s,2011,3,Optimal,765.0856822691858,77511599229.80052,76022.87401847194,481565075.63621646,172532950.4916975,145975441.01284617,3022372.547435834,94892861.2380657,65141450.34617131,4999.0,20199.999999999996,71697.51394885448,19843.0,36400.0,45343.0,27232588.618767176,6751458.382081184,84773440.85195677,129648497.91786596,88493095.6888876,135829022.34014383,472728103.7997025,91512835.0065605,0.2284346419168123,1784814.5028629643,0.019770223957029234,89727129.42474875,0.397803955789617,891.0789488122622,1.0511188098049855e-05,9070.0,72560.0,17469.0,34938.0,156.0,57876.0,23855.372063841605,219469.42298734272,12854.550812089099,1362582.3860814446,22353.000000000007,536472.0000000001,1859.05965599804,14872.47724798432,22586.537413520244,21097.36659131279,12009.621166956102,917.4989160923334,166564.54188196248,0.7592566809734591,1.0,60949637.220110185
run_2012_20260417_114121_3hr_Optimal_689s,2012,3,Optimal,689.4253080245107,78051101004.74973,80672.96660255725,482987595.8445324,172532950.4916975,147397961.22116205,3022372.547435834,94892861.2380657,65141450.34617131,4999.0,20200.0,69844.0,19843.0,36400.0,45343.0,27137517.395365927,7505011.111764863,81579392.41811684,134730484.72093865,85800735.70665345,136983349.9393109,473736491.2921506,75743866.14084584,0.19926967288487982,921170.3165305875,0.010622117971952841,74822695.82431525,0.3532604348217041,5.046461455096227e-10,6.185951262338071e-18,9070.0,72560.0,17469.0,34938.0,156.0,57876.0,32834.99629185081,302081.9658850274,11386.915288706583,1207013.020602898,22352.999999999993,536471.9999999999,1859.05965599804,14872.47724798432,22476.51099228228,27665.26191973014,12873.913235206,917.4989160923334,166269.98920061084,0.7585927169075259,1.0,70080823.45672844
run_2013_20260417_115253_3hr_Optimal_912s,2013,3,Optimal,911.5453395228833,78145842674.65794,77286.51881117884,483575786.9003326,172532950.4916975,147986152.27696237,3022372.547435834,94892861.2380657,65141450.34617131,4999.0,20200.0,79983.1906802304,19843.0,36400.0,45343.0,26232565.242958985,7547288.923559406,90174981.32359916,136068909.0156514,78652948.95758648,136894246.54580736,475570940.0091628,64806645.33578788,0.17490311538389705,814990.3475583524,0.010255586777318724,63926643.04464346,0.3183266600154061,65011.9435860642,0.0007204338257603248,9070.0,72560.0,17469.0,34938.0,156.0,57876.0,27282.69972273507,251000.83744916267,10836.697498120953,1148689.9348008211,22352.999999999993,536471.9999999999,1859.05965599804,14872.47724798432,22967.79393855414,22413.192210092606,9616.264712266126,917.4989160923334,165823.08185854583,0.7544050641355526,1.0,48358545.656079985
run_2014_20260417_120807_3hr_Optimal_738s,2014,3,Optimal,737.5691351927817,75132970915.93881,78562.19588265795,478270158.7774888,172532950.4916975,142680524.15411854,3022372.547435834,94892861.2380657,65141450.34617131,4999.0,20200.000000000004,69844.0,19843.0,36400.0,45343.0,26154038.31138532,2901206.675823475,81520663.83389132,132766224.86843856,79584338.33553481,145826713.63864672,468753185.6637202,65150811.71700475,0.17509774551996998,472224.33490956406,0.005898633655477397,64665848.37395048,0.3072120352171273,12739.008144708674,0.0001562428121562571,9070.0,72560.0,17469.0,34938.0,156.0,57876.0,23353.735433958936,214854.36599242222,7853.149229977108,832433.8183775735,22353.0,536472.0,1859.05965599804,14872.47724798432,22577.933942869888,18324.172055810966,7686.12928923609,917.4989160923334,163184.87070614108,0.7565620041719009,1.0,43351932.969152115
run_2015_20260417_122028_3hr_Optimal_781s,2015,3,Optimal,781.2385805603117,76372981663.99649,72081.66289784752,477446201.1314286,172532950.4916975,141856566.50805828,3022372.547435834,94892861.2380657,65141450.34617131,4999.0,20200.0,69844.0,19843.0,36400.0,45343.0,26763297.541566752,2393156.7886878145,83594850.8324474,128394118.9194862,90938479.95942192,138295186.86597198,470379090.90758204,90728170.59503962,0.22482137760580848,1312864.1483655055,0.014231382329041408,89415306.44667411,0.3926709970449871,5.675558675376918e-10,6.789363960649531e-18,9070.0,72560.0,17469.0,34938.0,155.99999999999997,57875.99999999999,27437.909692340152,252428.7691695294,19171.778510066615,2032208.5220670612,22353.0,536472.0,1859.05965599804,14872.47724798432,24282.993757135042,17479.615817317423,12830.378046666143,917.4989160923334,165075.88117874935,0.7579056952291439,1.0,63564796.44338408
run_2016_20260417_123331_3hr_Optimal_854s,2016,3,Optimal,854.3815529998392,76814179063.43942,75382.02160114059,479766345.1756532,172532950.4916975,144176710.55228296,3022372.547435834,94892861.2380657,65141450.34617131,4999.0,20200.0,78386.50529409101,19843.0,36400.0,45343.0,27135303.410392124,2430346.187425809,89616396.89723127,137202599.53610748,77710954.67096637,139120930.415627,473216531.11775005,60806880.42970826,0.1655712067601851,947041.0818792251,0.012039984909547653,59859839.34782903,0.30083228353672786,1.668534450416457e-09,1.8618629047649285e-17,9070.0,72560.0,17469.0,34938.0,156.0,57876.0,26283.138953774083,241804.87837472153,13356.792379380735,1415819.9922143577,22353.0,536472.0,1859.05965599804,14872.47724798432,24973.141320065733,22414.195266277646,13862.52691245688,917.4989160923334,166389.67676588643,0.7551182126665162,1.0,71140867.45186871
run_2017_20260417_124748_3hr_Optimal_727s,2017,3,Optimal,726.6928275693208,76874290275.0505,76461.8927912172,481350735.82079756,172532950.4916975,145761101.1974273,3022372.547435834,94892861.2380657,65141450.34617131,4999.0,20200.0,69844.0,19843.0,36400.0,45343.0,26485899.685856733,6743301.83260213,78289353.39264566,129024431.79254064,92620636.3362108,137756504.36139563,470920127.40125155,95489665.45313215,0.2362692320736312,2880713.902637836,0.03016411700393775,92608243.01057357,0.4020070087418686,708.5399207621734,9.050189810457169e-06,9070.0,72560.0,17469.0,34938.0,156.0,57876.0,19929.510710200317,183351.4985338429,8824.853622267938,935434.4839604014,22352.999999999996,536472.0,1859.05965599804,14872.47724798432,22499.829459204888,20626.165080829393,8656.1201326695,917.4989160923334,164416.57262644396,0.7570045005574471,1.0,47856410.63148727
run_2018_20260417_125958_3hr_Optimal_582s,2018,3,Optimal,582.3143686745316,79756325626.46701,74346.30414901029,477092629.21541274,172532950.4916975,141502994.59204242,3022372.547435834,94892861.2380657,65141450.34617131,4999.0,20200.0,84269.16494069554,19843.0,36400.0,45343.0,27550411.67823356,8255005.657327207,103021061.42132849,131968870.23758487,74731595.74284998,123739313.9707511,469266258.7080752,70782080.44440706,0.19013433824928205,3422244.1612626323,0.043788560683166486,67168437.33096696,0.3518371405717291,191398.95217745478,0.001854417107051019,9070.0,72560.0,17469.0,34938.0,156.0,57876.0,28559.24500054682,262745.0540050307,11707.571874266585,1241002.6186722578,22352.999999999993,536471.9999999998,1859.05965599804,14872.47724798432,25687.51298259088,25698.889410602686,12034.395608423034,917.4989160923334,166293.58980548737,0.7594271143872335,1.0,56515383.9868508
run_2019_20260417_130943_3hr_Optimal_1086s,2019,3,Optimal,1086.363763878122,73549079347.22447,73942.12757902783,475491162.888057,172532950.4916975,139901528.2646867,3022372.547435834,94892861.2380657,65141450.34617131,4999.0,20200.0,69844.0,19842.999999999996,36400.0,45343.0,25593056.38831141,1165547.3778485942,83365394.67016257,131736893.33364314,90425544.63789046,134248278.84147847,466534715.24933463,94866013.05343376,0.23545490528926905,3723855.288732025,0.03955261840899012,91142157.76470174,0.404374556157239,5.446437414025236e-10,6.5332113349600425e-18,9070.0,72560.0,17469.0,34938.0,156.0000000000001,57876.000000000044,16857.960504585684,155093.23664218828,7125.947506141017,755350.4356509479,22353.000000000007,536472.0000000001,1859.05965599804,14872.47724798432,21425.92983028999,17122.25954313501,7322.2056129029315,917.4989160923334,165045.179597491,0.754978262892148,1.0,44225032.0518566
run_2020_20260417_132752_3hr_Optimal_974s,2020,3,Optimal,973.7767202705145,73872387565.82953,71471.75655137615,476216968.33646727,172532950.4916975,140627333.713097,3022372.547435834,94892861.2380657,65141450.34617131,4999.0,20200.0,69844.0,19843.0,36400.0,45343.0,25380803.74502465,2424465.2477682494,81651059.55176543,136296147.3313116,87625747.52818888,134163286.86432452,467541510.2683833,94135147.56226426,0.23677316325223513,2706807.4519725414,0.029964916331302896,91360131.54502028,0.40510263718689266,68208.56527144217,0.0008346693116947046,9070.0,72560.0,17469.0,34938.0,156.0,57876.0,11133.908614808433,102431.95925623758,7355.917780909835,779727.2847764425,22353.000000000004,536472.0000000001,1859.05965599804,14872.47724798432,21220.950510424,14510.535903110636,7408.648655546603,917.4989160923334,161131.31186423395,0.7554916769067737,1.0,45567937.3971835
run_2021_20260417_134408_3hr_Optimal_998s,2021,3,Optimal,998.1674148105085,75670771079.04526,78570.55944882843,483052105.6223922,172532950.4916975,147462470.9990219,3022372.547435834,94892861.2380657,65141450.34617131,4999.0,20200.0,69844.0,19843.0,36400.0,45343.0,26511679.82331623,1483303.3767505717,81515015.19059877,135072428.0664355,81244968.9037735,147811951.4101324,473639346.77100694,54333785.28421131,0.14889814598351797,478372.8619895534,0.005853564620017926,53855412.42222176,0.2670507086461385,4.945519345607441e-10,6.0670041391071386e-18,9070.0,72560.0,17469.0,34938.0,156.0,57876.0,41773.106818903645,384312.5827339135,9439.904260798088,1000629.8516445972,22353.000000000004,536472.0,1859.05965599804,14872.47724798432,23465.068418114468,23530.098505596718,11413.22963408414,917.4989160923334,165502.76098066944,0.750011412107486,1.0,63770387.67509948
run_2022_20260417_140049_3hr_Optimal_1220s,2022,3,Optimal,1219.8357393685728,78701292070.84921,73232.25154175638,478774373.8305655,172532950.4916975,143184739.20719525,3022372.547435834,94892861.2380657,65141450.34617131,4999.0,20200.0,83402.1777438806,19843.0,36400.0,45343.0,26879593.14028092,9044952.865303498,99715018.23895095,135266400.30949897,80522925.4254814,120167555.48253836,471596445.4620541,83613729.15060909,0.21773318362544555,3822535.9447826575,0.04531999567829033,79474305.43278855,0.39808437503246696,316887.7730378804,0.0031678669903570703,9070.0,72560.0,17469.0,34938.0,156.0,57876.0,23978.12676671479,220598.76625377606,12053.728820494285,1277695.254972394,22353.000000000004,536472.0000000001,1859.05965599804,14872.47724798432,22326.517274409583,20513.67407202901,10853.382886195406,917.4989160923334,161853.7297760728,0.7572278500203287,1.0,53283515.24117835
run_2023_20260417_142112_3hr_Optimal_1036s,2023,3,Optimal,1035.518337380141,76198658745.86267,71931.90106274265,476053344.71462524,172532950.4916975,140463710.09125495,3022372.547435834,94892861.2380657,65141450.34617131,4999.0,20200.0,69844.0,19843.0,36400.0,45343.0,26731885.54361191,2297169.7080154098,80408818.93146801,136425580.90039083,86894875.91628902,137838492.95586133,470596823.9556365,74074103.51199637,0.19533470794469446,514641.19560867565,0.005887702078825179,73552285.80577296,0.3479446276543545,7176.510614737664,8.92423276648529e-05,9070.0,72560.0,17469.0,34938.0,156.0,57876.0,22318.49903005088,205330.1910764681,18767.580174760362,1989363.4985245983,22353.0,536472.0,1859.05965599804,14872.47724798432,23989.03304385824,19823.639339944802,14370.060773131647,917.4989160923334,165225.0466647679,0.756097390697815,1.0,66646324.804879196
run_2024_20260417_143830_3hr_Optimal_1412s,2024,3,Optimal,1412.3610822241753,74989067174.51718,75663.40866112162,471947431.6408864,172532950.4916975,136357797.01751617,3022372.547435834,94892861.2380657,65141450.34617131,4999.0,20200.0,69844.0,19843.0,36400.0,45343.0,25698263.498790223,2765975.044430476,82586729.78992781,134413769.76123714,84726529.8977454,135378157.26744255,465569425.2595736,79411398.65700006,0.2078273056684896,1583357.2541407708,0.01834502750947728,77826077.31705117,0.3650306358536052,1964.0858081278268,2.3781533717956804e-05,9070.0,72560.0,17469.0,34938.0,156.0,57876.0,21306.7584102314,196022.17737412886,9563.033159212755,1013681.514876552,22352.999999999985,536471.9999999995,1859.05965599804,14872.47724798432,22560.114352920682,18988.28746011573,9221.672339723187,917.4989160923334,163388.44772764394,0.7517269335491545,1.0,47897696.774595976
run_2025_20260417_150205_3hr_Optimal_877s,2025,3,Optimal,877.1284036487341,76507898612.49615,74541.70366107738,479091183.7243595,172532950.4916975,143501549.1009892,3022372.547435834,94892861.2380657,65141450.34617131,4999.0,20200.0,82620.21281571373,19843.0,36400.0,45343.0,27510597.665753014,1364037.7080694889,98491205.30810133,135189831.51638764,76243985.62097281,131690616.02532268,470490273.844607,73211571.7144241,0.19284605739072963,3923446.020347979,0.04894064759244417,69094666.56183647,0.3441221670809022,193459.13223966758,0.0019603768562907946,9070.0,72560.0,17469.0,34938.0,156.0,57876.0,33975.86548686454,312577.9624791537,14479.366659868512,1534812.8659460624,22352.999999999985,536471.9999999998,1859.05965599804,14872.47724798432,24177.399198253544,22495.993265474528,13298.37461291565,917.4989160923334,166150.3276248243,0.7616455867053767,1.0,61474578.44858476
