year,cf_pv_annual_mean,cf_pv_summer_mean,cf_pv_winter_mean,cf_onshore_annual_mean,cf_offshore_annual_mean,cf_onshore_DJF,cf_onshore_MAM,cf_onshore_JJA,cf_onshore_SON,cf_offshore_DJF,cf_offshore_MAM,cf_offshore_JJA,cf_offshore_SON,cf_vres_combined_annual,cf_vres_combined_winter,wind_drought_max_hours,dark_doldrums_hours,heat_demand_annual_mwh,heat_demand_peak_mw,heat_demand_winter_mean,heat_demand_summer_mean,cop_annual_mean,cop_winter_mean,cop_summer_mean,cop_min_hourly,cold_stress_hours_cop_lt2,elec_for_heat_annual_mwh,elec_for_heat_peak_mw,elec_for_heat_winter_mean,stress_vres_low,stress_elec_for_heat,stress_heat_peak,stress_elec_for_heat_peak,stress_wind_drought,stress_doldrums,stress_cold_cop,stress_energy_block,stress_peak_block,stress_persistence_block,stress_score,primary_stress_block,secondary_stress_block,primary_stress_driver
1940,0.13493180564951482,0.2429417822563424,0.0706399458362906,0.2890208202764049,0.5620446711465754,0.32747454238664264,0.3288947546804632,0.1927368104414235,0.3080196329107295,0.563484719719213,0.5743643508960597,0.4881607777087863,0.6228611907925825,0.29969144066209513,0.2796184208847365,73,161,162223299.93418342,37275.30241908742,27886.745483550007,11544.47721600739,2.0225768254782306,1.5284551770811765,2.6335485483600403,1.2536915002222,5153,90178349.19922403,27495.104365576924,18632.023657763108,0.2299629183924924,1.0,1.0,1.0,0.3229166666666667,0.17829457364341086,0.6757475083056479,0.6149814591962461,1.0,0.39231958287190843,0.6691003473560516,peak,energy,annual_electricity_for_heat
1941,0.12713815705829054,0.23781197290561992,0.057438911890492585,0.28108540969933593,0.5283824300819064,0.3845898463843695,0.29820713249769926,0.1561061116952079,0.28776120769139457,0.5784993608810185,0.6110513793226903,0.44097532440625,0.4836064588740842,0.2841258873243679,0.26033803039885733,49,220,160161340.57905126,34854.5028686468,24835.500666907727,11945.272665945009,2.0125715581639456,1.6153534084014332,2.589319797134844,1.26657410646003,5641,87709791.85200903,25129.522390285263,15720.904251328488,0.49822036984811213,0.8894246200517344,0.8024137898079853,0.7970705928925723,0.07291666666666667,0.4069767441860465,1.0,0.6938224949499232,0.7997421913502788,0.4932978036175711,0.6622874966392577,peak,energy,cold_cop_hours
1942,0.1364531049851812,0.22798255518220764,0.06121785307128355,0.2619333487789967,0.5291474507297946,0.3022067730501679,0.29064176570489464,0.1573326474530392,0.29882875515701934,0.5138895727048611,0.570071960821558,0.4102470379105525,0.6230704405448718,0.28404769154730647,0.2400092332115776,103,225,158825109.6770078,35855.19811336832,26885.113531918523,12243.107721344182,2.0607533948346313,1.5565842312144853,2.5245452155763592,1.25370134603681,4946,86960840.91726896,26038.351433969296,17593.86172388064,0.49956799941282837,0.8558764692401183,0.8840907634036338,0.875033707645369,0.6354166666666666,0.4263565891472868,0.5382059800664452,0.6777222343264733,0.8795622355245014,0.5333264119601329,0.6968702939370358,peak,energy,peak_heat
1943,0.1357399652055151,0.21554820436907765,0.05498052143551377,0.2775848610240848,0.5549786136313356,0.3567397380686455,0.3390458759377378,0.18419905240103676,0.23157543341149006,0.6753214791861111,0.601465172238451,0.4318944695031703,0.513397514378663,0.29520411611138375,0.3411467030142262,119,217,150560541.19124678,32890.06930341825,22985.806985041632,11784.723078676987,2.0964816725987805,1.6813863658384114,2.591389364172351,1.28769353166736,4906,79330034.79056007,23101.45301714019,13962.958639783265,0.30729767300802163,0.5140657806108534,0.6420762751811135,0.6230944129234464,0.8020833333333334,0.3953488372093023,0.5116279069767442,0.4106817268094375,0.63258534405228,0.56968669250646,0.5376512544560592,peak,persistence,wind_drought
1944,0.13038225242078338,0.22676586611701952,0.04820120381285311,0.2596111802783299,0.5358823513632419,0.4002178720330131,0.25741763306227783,0.1223227769663317,0.2615643362196392,0.7109060518939815,0.507011915991395,0.3588710707869112,0.5709261405881411,0.2827074779372366,0.3503759216659698,58,292,151435584.9278437,29909.867270152175,21964.04287208246,11364.930624367244,2.0863604293520464,1.7081573534893182,2.654131664784426,1.32227408046209,5061,80242609.81455258,20235.14684481313,13061.534346585993,0.5226653014902354,0.5549432308038226,0.39883150704142967,0.3772108129408351,0.16666666666666666,0.686046511627907,0.6146179401993356,0.5388042661470289,0.3880211599911324,0.48911037283130304,0.4719785996564881,energy,persistence,dark_doldrums
1945,0.12920015809672517,0.22514543700810652,0.05004522798684675,0.2886962329186034,0.5384506968370434,0.38839901322653464,0.2944031938169305,0.21491356405072434,0.258912880231625,0.6384917813844908,0.5524030192697011,0.4895587933666214,0.4748324973447802,0.2899151554356699,0.2992106470806176,51,214,152605238.4922197,33440.587279454776,23967.510220430217,11538.256987542925,2.0877571002342723,1.6451628854629656,2.6380921127423282,1.28122367964654,4977,81211003.69877326,23525.089127081614,14858.530593718591,0.3984478609218132,0.5983210043880931,0.6870096776628835,0.6594356708116289,0.09375,0.38372093023255816,0.5588039867109634,0.49838443265495314,0.6732226742372562,0.34542497231450725,0.5056773597355723,peak,energy,peak_heat
1946,0.13564544573401113,0.23035356046938005,0.057489941519641596,0.26487552047856266,0.539765492458048,0.41549813748844316,0.247896822685152,0.16102959861055557,0.23806045979681734,0.6362769250331018,0.5565667101725544,0.399856027268116,0.5687757104358975,0.2875581427285402,0.3552549714630556,89,218,151665661.87116116,31094.087937576638,23122.407825581828,11221.763485949035,2.116255025735665,1.6708849416134357,2.7025742553797896,1.29997196078892,4882,80542012.25385717,21375.572457372597,14090.14211891143,0.439068724706374,0.568354520811281,0.49548786740173667,0.47504123937460263,0.4895833333333333,0.3992248062015504,0.4956810631229236,0.5037116227588275,0.48526455338816965,0.46149640088593574,0.48349085901097766,energy,peak,annual_electricity_for_heat
1947,0.1355382016796518,0.2329976526777974,0.06215528027171611,0.26455933705369344,0.5090491471112443,0.35954638835351044,0.2901235412082377,0.14418269701388645,0.2664704302895245,0.6072201948078704,0.5595051656793478,0.3702525511483242,0.5012682551071428,0.2782448726100074,0.2994828325670792,71,206,155442121.61232805,33953.927031375904,26923.446608200018,11498.769691837268,2.095154801368266,1.554140625030099,2.668316657127632,1.26975813695873,4859,84131638.1508562,24219.195729120875,17658.716697588425,0.5995740438883114,0.7291465104649174,0.7289085850319563,0.7189790063173925,0.3020833333333333,0.35271317829457366,0.48039867109634554,0.6643602771766144,0.7239437956746744,0.3783983942414175,0.5889008223642355,peak,energy,annual_electricity_for_heat
1948,0.1282296872740796,0.21381274585567872,0.0516441499580685,0.28374057887949833,0.5301822544166095,0.35557204266483644,0.2734771485280282,0.18690079950187463,0.3209786399168192,0.5648516455587964,0.548438193240942,0.37552508337228263,0.6337939924544412,0.2858047544393443,0.2724066426362091,70,271,150134222.1582365,33868.036147588224,22893.112406095122,11996.458248850298,2.097663520220279,1.6841905029625475,2.5604673545271126,1.28566488522984,4818,79149032.38169417,24261.27777270702,13894.525670171413,0.4692866979236694,0.5059580450727351,0.7218981515515958,0.7225889780892448,0.2916666666666667,0.6046511627906976,0.453156146179402,0.48762237149820226,0.7222435648204203,0.4498246585455888,0.5532301982880704,peak,energy,peak_electricity_for_heat
1949,0.12969215092104025,0.20312832804796707,0.054394146133209746,0.3067803187738887,0.5727044814900114,0.4488644216306545,0.33540241307177315,0.22895478672518982,0.2160017145537349,0.7733745391048612,0.5957637516598733,0.4755432245450635,0.449155883665522,0.30473036273889104,0.3705474917975677,102,250,149438686.58873233,31103.024215238085,22477.438906665793,12221.205655590045,2.1053172241531555,1.6958656470414195,2.547348071649804,1.28093840649209,4896,78321096.37962252,21515.176171844483,13460.60781988009,0.14312190702102667,0.46887187484249687,0.49621724841803255,0.4870170234749535,0.625,0.5232558139534884,0.5049833887043189,0.30599689093176174,0.49161713594649303,0.5510797342192691,0.449564587032508,persistence,peak,wind_drought
1950,0.13362962162174657,0.24219673470127687,0.05338499108496644,0.2796801666921798,0.5535335048389841,0.3655739335549845,0.23978244024773482,0.1624961881525776,0.35353816494360757,0.6672028516789352,0.4968004108924366,0.4258231943208787,0.6275835267637363,0.294302645148058,0.3443633257963014,61,220,150447767.83112872,35430.603150168376,23808.487241256003,11242.163349709828,2.1120091719324963,1.6608804523755571,2.689490170310634,1.27749417070692,4819,79416042.7999652,25437.212446964128,14737.341134712495,0.3228336644331953,0.5179183823457478,0.8494352258850377,0.8234655187192262,0.19791666666666666,0.4069767441860465,0.45382059800664454,0.42037602338947155,0.8364503723021319,0.35290466961978595,0.5365770217704632,peak,energy,peak_heat
1951,0.1356361842688142,0.23174932573084675,0.0535734597827507,0.2607360871408941,0.5182390841821347,0.4073502442120258,0.26340541169334175,0.14203240601474132,0.23304253404615782,0.6786729107023147,0.5643714966752718,0.4062610474012681,0.4261374693211996,0.2801208680168493,0.3043816684247405,67,225,149167680.76956144,30761.870416548947,22562.49803330024,11418.03088864956,2.1034968450797598,1.691303507981102,2.6613199457679744,1.29296832930579,5071,78122784.58747385,21060.70177594955,13593.455039742592,0.567243054050507,0.45998879104871765,0.46837219773495253,0.44803032985462604,0.2604166666666667,0.4263565891472868,0.6212624584717608,0.5136159225496123,0.4582012637947893,0.4360119047619047,0.4692763637021021,energy,peak,cold_cop_hours
1952,0.1307492254958262,0.23773351418502184,0.04713464788471046,0.2552604334528539,0.5109073984631279,0.3459622390513865,0.22145531482197328,0.15454410249398462,0.3015550582703161,0.5864884936222222,0.4530596215713315,0.4442324172862318,0.5620480048147894,0.2743612767039916,0.3022289653857991,51,256,154190002.29883504,28491.225507646264,22189.875558894448,11824.335113237432,2.050609721889792,1.6950962528100484,2.592969815321922,1.32407321269275,5251,82557184.85157049,18913.108124945327,13275.79379667486,0.6665041116878414,0.658621200621202,0.28304164355494493,0.2638008629166941,0.09375,0.5465116279069767,0.7408637873754153,0.6625626561545217,0.2734212532358195,0.46037513842746397,0.4654530159392684,energy,persistence,cold_cop_hours
1953,0.14100575190169096,0.23581918159530407,0.05126397864322917,0.2604301259026051,0.5366508142325914,0.3323353384914322,0.2578783885297559,0.15069952273598752,0.30283129289861077,0.5573661828592593,0.5240222619180254,0.46259699338677535,0.6037980137309982,0.2880287899913906,0.29489262924138815,110,236,149747327.26504546,30899.936109387258,23022.57052197027,11411.079739644863,2.1083848167522428,1.6728155261996425,2.6906047114882843,1.27966675246306,4883,78733598.51768258,21234.46326239624,14016.062927527053,0.4309575684546525,0.4873492987909107,0.4796411510030954,0.4629363089291345,0.7083333333333334,0.4689922480620155,0.4963455149501661,0.4591534336227816,0.4712887299661149,0.557890365448505,0.4961108430124672,persistence,peak,wind_drought
1954,0.12681050418973316,0.2056804388950773,0.0676151435091808,0.2615327974550584,0.532615912641153,0.38786221024206563,0.1921122157392638,0.18615200579187619,0.28298421723566536,0.6349264617576389,0.4076666321132247,0.4566903751666667,0.6345118888580586,0.2805461550718706,0.2867117150353231,54,198,155808923.49837166,35801.152119578146,26449.833792085963,11355.359439735828,2.0772186056050916,1.573617403199671,2.658836564399799,1.25921014627578,5121,84171279.1679942,25959.577053021,17168.816705578032,0.5599136376756615,0.7309221712720345,0.8796795170915968,0.8682761153961629,0.125,0.32170542635658916,0.654485049833887,0.645417904473848,0.8739778162438798,0.3670634920634921,0.62881973759374,peak,energy,peak_heat
1955,0.13075271363212043,0.2177225626108451,0.058917410932997884,0.2516842089399711,0.5103132299240297,0.38582240250875444,0.2766967240690651,0.11689006500263426,0.23000808178796955,0.6233021201590278,0.5296640390874094,0.35042623156340574,0.5406465187701466,0.2733264100535141,0.26292274174945546,109,347,154611949.54281908,30511.848354402435,23444.666712733222,12056.82562293329,2.0586366661208766,1.6530076089942027,2.5782678663795595,1.29307127919011,5336,82839216.6268393,20861.905351712187,14400.486714629567,0.6843390504291862,0.6712543973921888,0.44796534012671724,0.43097675025902105,0.6979166666666666,0.8992248062015504,0.7973421926910299,0.6777967239106875,0.43947104519286917,0.7981612218530824,0.6384763303188796,persistence,energy,dark_doldrums
1956,0.12907310526103025,0.21374966659958838,0.06181580943048199,0.30720466986947564,0.6010806392994863,0.3846975933995053,0.3351121516225721,0.2408855924608821,0.2693970180299488,0.6828353700875,0.6207513019028532,0.5531688992370924,0.5487757311160714,0.3130349658932291,0.29318080798375745,55,197,159210585.08486712,36969.15828952233,25322.609815820582,11758.935331482176,2.0289388949489604,1.6091992424389432,2.593854141954111,1.23946078557876,5257,87169024.83851312,27140.757747765703,16191.497030698925,0.0,0.8652017604741516,0.9750124464777397,0.9696026813638163,0.13541666666666666,0.3178294573643411,0.7448504983388704,0.4326008802370758,0.972307563920778,0.3993655407899594,0.6014246616492711,peak,energy,peak_heat
1957,0.12651271506603884,0.22729003496005548,0.04941848680415783,0.2571918957304321,0.5434352155890981,0.35515208465608855,0.21101668966517184,0.16471512992102655,0.30048381231460997,0.6457982691826388,0.46726789441462857,0.4493637376444746,0.6143065858697344,0.2826028752869087,0.28682704962118394,56,247,150601591.7651672,29410.650285699263,21575.540283621653,11294.662726074332,2.0770916694827406,1.7261831103560124,2.6842163724639603,1.3014075884062,5188,79241251.51201363,19744.81833109994,12705.396107800794,0.5244680283052505,0.5100888647942527,0.3580853031669357,0.33514840478293734,0.14583333333333334,0.5116279069767442,0.6990033222591362,0.5172784465497516,0.3466168539749365,0.45215485418973794,0.4386833849048087,energy,persistence,cold_cop_hours
1958,0.12736910745202626,0.2267519587788978,0.052345006631532486,0.25184273639084936,0.5025695679616439,0.40975664553755564,0.24230816080408968,0.17088056031889093,0.1871553663842394,0.6291729030331018,0.5397614755081521,0.4555508532015399,0.38729227243658426,0.26948917430644487,0.3218344399160372,47,242,152696094.02897757,29874.459674313242,22864.508332868598,11859.778049533033,2.0819666202844442,1.6839048420678573,2.599497159765105,1.3207400047801,5041,81166021.97421256,20147.946059945938,13837.697875406222,0.7504701451489769,0.596306114480982,0.39594153101158786,0.36973036890751426,0.052083333333333336,0.49224806201550386,0.6013289036544851,0.6733881298149795,0.38283594995955106,0.3818867663344408,0.47937028203632376,energy,peak,low_vres
1959,0.13352183890572203,0.2207893169906754,0.05270885994548905,0.257594949859992,0.4965792411724886,0.38567467605073597,0.23692181206099572,0.1740562911168993,0.2362796743073022,0.6189204031439814,0.49174949408605073,0.4236576233267663,0.45418826311011906,0.2719134755877424,0.3001221051949774,59,290,149370143.16691303,29920.92328468685,22488.436648348255,11380.864485848428,2.1001317847532333,1.6891451419933856,2.6854945148031426,1.29737422383139,5039,78306188.9723301,20281.064659175998,13539.097156492027,0.7086896270285441,0.4682041195532534,0.39973390146369264,0.3811498329966404,0.17708333333333334,0.6782945736434108,0.6,0.5884468732908987,0.3904418672301665,0.4851259689922481,0.48800490317110445,energy,persistence,low_vres
1960,0.12535248384838757,0.19933210853259406,0.05753014967518539,0.23365199524380936,0.5274970127653539,0.2849772046838563,0.2142434851604622,0.18142609566187182,0.2553124000746001,0.6051031470493056,0.534862812785779,0.4141225662262228,0.5579172698440934,0.27164828487008047,0.28906668371287514,58,218,151205460.98974028,32122.411869899537,23648.536897088765,11719.465618454657,2.0802696983926774,1.6544540458600439,2.607666081297678,1.29334859323057,5183,79996451.60200873,22375.09086080926,14578.326996241607,0.7132599358718062,0.5439169372846018,0.5794199007666839,0.5607840625449378,0.16666666666666666,0.3992248062015504,0.6956810631229235,0.628588436578204,0.5701019816558108,0.4205241786637135,0.5397381989659095,energy,peak,low_vres
1961,0.12621537956099457,0.21593365972727654,0.05079777767178672,0.27354197399777336,0.5907156707619863,0.3070947959775325,0.3161365165743155,0.19363067153317223,0.2780846985200054,0.6243031413476853,0.6340283015169836,0.518701636848279,0.5865140964530678,0.30053458068922667,0.26189952844066416,56,134,149365891.55990052,33761.15439471252,22552.061223158114,11420.61799258075,2.10516179603722,1.6966302794653294,2.6447631991092795,1.27324608840139,4785,78351533.76344612,23902.63249434244,13550.365662784468,0.21543220496450746,0.47023527249040775,0.7131744385595199,0.6918229025693173,0.14583333333333334,0.07364341085271318,0.4312292358803987,0.3428337387274576,0.7024986705644186,0.21690199335548174,0.4207448008824526,peak,energy,peak_heat
1962,0.1246043495516481,0.22021359947194222,0.04956692559450036,0.27787172661853393,0.5463201067515981,0.420446548126523,0.2476332706889148,0.20537637566313285,0.24072641120867505,0.7254487810446759,0.47386051517187494,0.46049938513292565,0.5291795367282509,0.28755229432232093,0.38395496448632616,103,263,156018222.11472836,31949.52286584894,22359.787791584462,12971.889307701575,2.0306657789054485,1.6938870825834877,2.4481261724653747,1.28797264575281,5326,83968550.9639248,22218.883674993525,13412.938103436434,0.43916951640413215,0.721841260829952,0.5653086609128878,0.5473839639921921,0.6354166666666666,0.5736434108527132,0.7906976744186046,0.5805053886170422,0.55634631245254,0.6665859173126615,0.6011458727940812,persistence,energy,cold_cop_hours
1963,0.12871228726974174,0.23115919744711863,0.06193674390978108,0.23355290252232355,0.4781537599890981,0.2493389071526698,0.21295036290653532,0.14497188983350065,0.3283237420310385,0.5058570288622685,0.44659202901019024,0.3853343389429348,0.5765029005135074,0.2584128756625971,0.2255911449036153,58,286,156052549.73651987,35689.3686031533,26759.58737876543,11475.29747726064,2.091323393636255,1.5581864687901748,2.661338512555332,1.26245189182254,4767,84682177.06543362,25896.176943568462,17482.129459178104,0.9413595778142593,0.7538070879169196,0.8705557210431788,0.8628373917517781,0.16666666666666666,0.6627906976744186,0.4192691029900332,0.8475833328655895,0.8666965563974784,0.4162421557770395,0.7101740150133692,peak,energy,low_vres
1964,0.12701905402834618,0.22829228280598957,0.05831077860394598,0.2436087635524971,0.5200000575603881,0.34149427220865863,0.1870931010530308,0.1472719745028794,0.30133106864547726,0.5996140369675926,0.529890677864357,0.45994740525452893,0.4919742201705586,0.27256453662139485,0.30642868193977796,69,225,153517261.17286226,31867.986568247165,23957.832391864573,11351.113342611432,2.078257613814481,1.6364559596963755,2.685313169993167,1.31454184023087,5109,82175603.60349631,22207.617230089607,14883.569806533276,0.6974692116767592,0.6415288322650293,0.5586536497479647,0.5464174817445081,0.28125,0.4263565891472868,0.6465116279069767,0.6694990219708943,0.5525355657462364,0.4513727390180879,0.5578024422450729,energy,peak,low_vres
1965,0.12373743119262272,0.20969366911659945,0.056324975681541316,0.2843822136223669,0.5815279673299087,0.4094313694207786,0.24750427489111493,0.22006832387558994,0.26301105096436234,0.663939563188426,0.5567077769171196,0.5416638565441576,0.5654171110991301,0.2992476422299521,0.31186802392628604,69,204,156735442.4956128,32955.83244184193,23450.53111407487,12308.55059816453,2.027040587587009,1.6554552926746473,2.522041466247526,1.29972224041762,5347,84587841.67664799,23213.819740875926,14393.497395125187,0.23761136067935518,0.7495814735234332,0.6474438775045289,0.6327336952922115,0.28125,0.3449612403100775,0.8046511627906977,0.4935964171013942,0.6400887863983702,0.4769541343669251,0.5368797792888965,peak,energy,cold_cop_hours
1966,0.11970863031972032,0.21447087508350138,0.04876736826483051,0.24419097201548548,0.5466990562798516,0.32157211359414856,0.22807597822501738,0.16929453759681976,0.2596717264458221,0.5804744156930556,0.5853112550430254,0.47220258573799806,0.5495734590979853,0.27732230512056794,0.26250273617154163,57,194,150350587.53027266,30820.31676463102,23529.62190561401,11400.292784992454,2.1069545158706697,1.6685012598417468,2.6674086273528195,1.29496516598247,4743,79249120.9737904,21051.61825743877,14461.853585461602,0.6154736138003553,0.5104413657101976,0.4731426019656533,0.4472511080626548,0.15625,0.3062015503875969,0.4033222591362126,0.5629574897552765,0.460196855014154,0.2885912698412698,0.43724853820356674,energy,peak,low_vres
1967,0.12146718537350172,0.21717718858984372,0.051165292320886305,0.2877090590115353,0.5634439479298516,0.43077051600820376,0.3070659040554666,0.12023287299422185,0.29596673197693096,0.6161176710974537,0.5635349830652173,0.42390849030230976,0.6523258356682693,0.29359115738308694,0.30486724172540763,59,236,147466460.2587652,30489.406936069863,23057.95120917115,11739.743630235342,2.1341484842622704,1.677904594085166,2.637103159982219,1.30807432887958,4607,76772187.6414409,20750.274998925746,14007.95907396468,0.33509547681029733,0.3994907958803865,0.44613366645557034,0.42140063683629664,0.17708333333333334,0.4689922480620155,0.3129568106312292,0.3672931363453419,0.4337671516459335,0.3196774640088593,0.37357925066671155,peak,energy,dark_doldrums
1968,0.12277986795575058,0.21276571385328458,0.04781837630111229,0.2399330277898178,0.5235206494678082,0.2552833549308061,0.27599896555579684,0.18710932553688694,0.24169330130751682,0.5208352725606482,0.5922500584046649,0.44549393761458334,0.5355759878189102,0.2707817696627655,0.28207895364624813,138,309,150597530.0263154,30888.415873467067,22971.818156471487,11576.436677116657,2.0995371542668706,1.6747577876767976,2.634807765611634,1.31357736001115,4755,79629863.91230372,21187.499325035667,13977.11434080347,0.7281934982141385,0.5274961832278972,0.47870086672570694,0.45890754811528184,1.0,0.751937984496124,0.4112956810631229,0.6278448407210178,0.4688042074204944,0.721077888519749,0.605908978887087,persistence,energy,wind_drought
1969,0.12657086009935073,0.21683709083215727,0.055062603571989756,0.27883926272864007,0.5416993278659817,0.3076498550286536,0.2639014425444353,0.19030478897482508,0.3549546224571742,0.5320918091821759,0.5488408635285326,0.4580516293331069,0.6285481593562272,0.28730852209971014,0.2862474500920208,58,287,156190479.09813708,33841.09493025704,24280.80191546366,11728.858560727369,2.0730702171710966,1.631276702500776,2.625130690520377,1.27112610421995,4911,84547048.22615008,24090.598661202195,15168.17979752345,0.44337069793326833,0.7477541911662717,0.7196992032621929,0.7079474178875417,0.16666666666666666,0.6666666666666666,0.5149501661129569,0.59556244454977,0.7138233105748673,0.44942783314876333,0.5862711960911335,peak,energy,annual_electricity_for_heat
1970,0.11952941670834046,0.21158622108471944,0.055817476806188204,0.2815858902808537,0.5342014781018265,0.33620802093920826,0.30213487462100685,0.16643824574525992,0.3232022087284211,0.5752748294881945,0.5669263524184783,0.40840648864787144,0.5876723458804944,0.28248092915864503,0.26784030478680976,63,317,155068932.8271889,34535.034975253824,24817.57418228276,11701.117045986906,2.0599161508234864,1.6173352770889955,2.6176331347296675,1.27961492207941,5234,83296096.59242643,24725.5370456935,15640.182646065814,0.5265696534047964,0.6917196605721365,0.7763387476500935,0.7624150589417827,0.21875,0.7829457364341085,0.7295681063122924,0.6091446569884664,0.7693769032959381,0.5770879475821337,0.6518698359555127,peak,energy,dark_doldrums
1971,0.11971847194430651,0.20836129068338372,0.047840047445135946,0.2701815556309344,0.5627174483795092,0.34517095731035163,0.23343350277323804,0.17161434176347312,0.3328184609888129,0.6427495423916666,0.4900252416524003,0.4607419892006341,0.6601519187339744,0.28835931076752125,0.2743593100968837,58,190,149956433.50668743,31782.574241080827,22488.83254373178,12111.196265974808,2.096349800493102,1.6947816331469814,2.56988712267074,1.27829160595202,5056,78871533.19171728,22106.53603610689,13551.299503544662,0.425261358423812,0.4935278787646085,0.5516822761679402,0.5377463188007277,0.16666666666666666,0.29069767441860467,0.6112956810631229,0.45939461859421027,0.544714297484334,0.3562200073827981,0.45344297448711407,peak,energy,cold_cop_hours
1972,0.11316117259173088,0.2012987807156838,0.05081967277048022,0.25335141773806835,0.5216139996843607,0.2855005587513563,0.28949658014413127,0.15747257609868365,0.28194565727949344,0.5628327238219908,0.5629431522133153,0.3993164671073369,0.562706371025412,0.26900172265333117,0.2412099778002689,63,373,151143209.72420514,33457.248792941755,23298.77518207026,11370.249067021283,2.075716804037504,1.6631886999696963,2.674932514675767,1.28528952023064,5236,79989930.48202422,23779.25318544657,14312.018031821222,0.7588709090238578,0.5436248333475437,0.6883695941852391,0.681238915091785,0.21875,1.0,0.7308970099667774,0.6512478711857008,0.684804254638512,0.6498823366555925,0.6619781541599351,peak,energy,dark_doldrums
1973,0.12151568529159532,0.1966352861022765,0.0439762283689089,0.2810599468701398,0.5234752761756278,0.39038645770620584,0.2200718308970351,0.1451543708469223,0.3719921852043782,0.595643139238426,0.4850152387038044,0.3834684907468297,0.6325284633317307,0.28006137094348965,0.25063297567686427,96,279,151383789.66267997,30128.76500743534,22019.91700500565,11790.291574836583,2.0802874818241692,1.7060237472294122,2.609664411407758,1.31820279696708,5205,79943022.23903263,20445.769557180218,13085.862841235941,0.5682684293084395,0.5415236478930704,0.41669799017156556,0.3952789004518339,0.5625,0.6356589147286822,0.7102990033222591,0.5548960386007549,0.40598844531169975,0.6361526393503137,0.532345707754256,persistence,energy,cold_cop_hours
1974,0.1176599325533319,0.18722900092309305,0.04807108826315325,0.28098447831961804,0.5750230349726598,0.372357768660808,0.25871781285936263,0.19515212654896152,0.2999022085892529,0.6605463759951389,0.5572186583772645,0.46036867504800727,0.6243538379157509,0.29368576998591117,0.2706127387602063,52,143,149497994.80701515,28218.91810469002,21473.346187828352,12431.01421056073,2.0731417805583927,1.7340521474166974,2.4977858577399297,1.36624818324408,5342,78108722.07028084,18562.017544178012,12583.396211579588,0.3334649189265828,0.45935888136345093,0.26081585135849433,0.2336828606067849,0.10416666666666667,0.10852713178294573,0.8013289036544851,0.39641190014501687,0.2472493559826396,0.3380075673680325,0.32722294116522965,energy,persistence,cold_cop_hours
1975,0.12116927770296804,0.20195099117641127,0.05118648106898835,0.2644140202546057,0.5616979874474314,0.4150715838849214,0.23921001703941946,0.148634803903587,0.2579445199618853,0.738948465193287,0.5421759860244565,0.39758472970810693,0.5720485461925368,0.2873378931833378,0.3102775818472303,53,213,146490100.7966066,29041.735383131774,21346.23313005665,11670.05771520859,2.136657458438032,1.736869083809292,2.644524111454386,1.3315616876057,4976,75803453.61145526,19356.766250887606,12468.434682292069,0.4428645153473047,0.3560977859690202,0.32797438486789726,0.3018596921588127,0.11458333333333333,0.3798449612403101,0.5581395348837209,0.3994811506581625,0.31491703851335495,0.3508559431524548,0.35508471077465736,energy,persistence,cold_cop_hours
1976,0.1267125721084689,0.22587370132690693,0.05725997021045197,0.2620361126603598,0.5070005372571348,0.40362423966002814,0.23564740712723892,0.13687228975526275,0.27522183998284244,0.6168981098405093,0.48996588784397643,0.3582873686512681,0.565879852919185,0.27295977061378124,0.30703299426364483,78,262,154390564.3646878,30991.833505101353,23275.3217336922,12171.407444317532,2.048304860662931,1.6618676071312284,2.5590100486142338,1.28785146309538,5120,82772233.9824577,21342.677561595738,14274.509928758867,0.6906577311449863,0.6682540087802772,0.48714183735375133,0.4722193791446118,0.375,0.5697674418604651,0.6538205980066445,0.6794558699626317,0.4796806082491816,0.5328626799557031,0.5639997193891721,energy,persistence,low_vres
1977,0.11775588457244578,0.21010185331203796,0.04781170454868468,0.2689963760967185,0.5395929483549657,0.3415856909258541,0.26304031582500054,0.15452054033734225,0.3189600695059324,0.5623097384462963,0.5494535432314311,0.477658678694067,0.5697717062884615,0.28025340661968157,0.2541144461017849,57,265,150808536.4976917,28972.6906905753,22343.51069085103,11718.180409069393,2.0730089517896753,1.6980154482609484,2.6150523677343,1.32824862710499,5146,79383725.47848603,19204.002740138312,13377.136489806291,0.5649588777643296,0.5164707756674985,0.32233894134940205,0.2887550062980823,0.15625,0.5813953488372093,0.6710963455149501,0.5407148267159141,0.3055469738237422,0.46958056478405313,0.4386141217745698,energy,persistence,cold_cop_hours
1978,0.1195320316063713,0.21728923858434138,0.05474380541017832,0.2780527538923306,0.535335955569863,0.3439682532214017,0.24734772406876016,0.18343491575004583,0.3395616430488391,0.556334450888889,0.5445024146356431,0.39219311366213766,0.6500168637319139,0.28197308272213667,0.2797820592872267,64,265,155028362.50141466,31990.160511991915,22945.1060204825,12768.705470828956,2.026831276945302,1.6733081064776705,2.466365598194229,1.27094909562627,5406,83035452.6550363,22294.86269406179,13940.30488385821,0.5353219019007336,0.6800445004059604,0.5686255148387129,0.5539017585362709,0.22916666666666666,0.5813953488372093,0.8438538205980066,0.6076832011533471,0.5612636366874919,0.5514719453672942,0.5734729277360443,energy,peak,cold_cop_hours
1979,0.12661776125360302,0.21015239381002185,0.057910488573578736,0.2789886577414747,0.5773683446247718,0.42334108625398265,0.2656364736236114,0.1603468999628184,0.2696669444266844,0.6680178779624999,0.59307078636798,0.470155129796875,0.5802313459807692,0.2980353916174035,0.32332776920777645,54,176,154409123.93085414,33133.53508981108,24790.003469779498,11883.272109022595,2.0699333910358595,1.6141267395963756,2.586335678662139,1.27244759141882,5145,82769884.05980836,23275.114044202703,15619.986911308859,0.25850334265982244,0.6681487474663795,0.6619480080703658,0.6379917741764285,0.125,0.2364341085271318,0.6704318936877076,0.463326045063101,0.6499698911233971,0.3439553340716131,0.48575042341937036,peak,energy,cold_cop_hours
1980,0.11462942759576197,0.17648931497740253,0.05248516746733757,0.2852105054513217,0.5298010087973173,0.3175324017508797,0.23829251848932387,0.22846729847631686,0.3580441227616957,0.5568491716208334,0.5043761946668931,0.43723823308491844,0.6223342352964744,0.2797773376432232,0.21022724592562325,64,261,157010699.91942364,30096.61034651765,23766.80144125242,12132.932025338348,2.0197618373919584,1.6443765554122705,2.5341101199430724,1.30645328924465,5375,84966638.92393258,20434.8029944207,14705.913133507122,0.5731634720740139,0.7665491366766128,0.41407351943024395,0.39433814333496386,0.22916666666666666,0.5658914728682171,0.8232558139534883,0.6698563043753134,0.4042058313826039,0.539437984496124,0.5378333734180138,energy,persistence,cold_cop_hours
1981,0.12027092512878851,0.19060376057358872,0.05466642015700035,0.2900745717551232,0.5398551771526257,0.4032542407800479,0.2547362906169199,0.18240066133016686,0.3227223894646557,0.6275078413395833,0.5291605477241849,0.4455397963888134,0.5593296954038461,0.2865520803513038,0.3158652405663148,74,199,151926259.33420146,31068.50930803597,23201.417585175794,11689.443673381402,2.0920539834845053,1.6672444344293056,2.62114955381307,1.30121443245872,5002,80565426.2715398,21177.58949803869,14132.044817558159,0.45640724929763793,0.5694033171474465,0.49340013383787085,0.45805744216332656,0.3333333333333333,0.32558139534883723,0.5754152823920266,0.5129052832225423,0.4757287880005987,0.41144333702473235,0.46669246941595777,energy,peak,cold_cop_hours
1982,0.13172145258002282,0.22202161949936997,0.054874545028381,0.23974670294775188,0.4950921903513128,0.3051981764778249,0.26280276949195575,0.14389834441571087,0.24860668366395458,0.4985881605858796,0.5254070994266304,0.3865541418865489,0.5707173716998627,0.26635330409861574,0.22089659921088697,111,316,149248668.32490456,30720.29979207596,23736.507749264685,11916.714927670671,2.115613290323739,1.6507366240718058,2.604238335974004,1.28009689731123,4904,78277798.45521677,20998.88252657433,14635.566336348684,0.8045138743885232,0.4669324082761078,0.4649791939055202,0.44272721892692585,0.71875,0.7790697674418605,0.5102990033222591,0.6357231413323154,0.45385320641622307,0.6693729235880399,0.5863164237788595,persistence,energy,low_vres
1983,0.12406965724586902,0.22388597665267976,0.04679374521239406,0.3116556765059012,0.5805648668323059,0.47937294780765516,0.2522505703904276,0.15161837890174767,0.3676353108470863,0.7090885979509259,0.5107477690595561,0.3801354723894928,0.7266697182955587,0.3056617026675937,0.3456216658969957,65,239,146363634.6964832,30181.533341511535,21830.9248550797,11239.590816139156,2.145048192449022,1.7217181846094893,2.6963054955377297,1.30983705897044,4670,75808997.62599722,20440.365760163255,12903.798686963955,0.1270711524932657,0.35634612191110676,0.42100495360699897,0.3948153403908278,0.23958333333333334,0.4806201550387597,0.3548172757475083,0.24170863720218622,0.40791014699891337,0.35834025470653375,0.3359863463025445,peak,persistence,dark_doldrums
1984,0.1193657083154038,0.1969675587849042,0.05244596598927437,0.2681373624326457,0.5309770615521691,0.35405438454698046,0.19562022620504743,0.18294686412034977,0.3426051688873726,0.5695571904483796,0.4508976310235507,0.467165058200634,0.6382935485446428,0.27821166344138587,0.297887446542749,69,273,151370805.6650517,29132.372500069596,22209.58332107861,13050.975354976732,2.060571334019656,1.6973525896340913,2.418344687406737,1.3264895123638,4992,80022410.7035513,19500.861271102684,13277.115814550496,0.6001463722049528,0.5450797368928121,0.3353722069780406,0.3142207590441711,0.28125,0.6124031007751938,0.5687707641196014,0.5726130545488824,0.32479648301110586,0.4874746216315984,0.4616280530638622,energy,persistence,dark_doldrums
1985,0.12058432323294806,0.20246330243476984,0.06147200327149542,0.2645372269830645,0.5283564445872717,0.34076058372433604,0.21843089258872306,0.18070504746793445,0.3205178992133602,0.5590530397636574,0.5005525269551631,0.42939213369746376,0.6261584606108059,0.2771247719196648,0.26098942268010683,88,232,156786996.8429228,35929.851494967705,26388.185876671836,12403.138806096433,2.061460992018905,1.5760917192348813,2.509575326731154,1.25886513668029,5060,84999741.36802639,26091.942109059582,17118.458006250334,0.6188779099344166,0.7680319117626437,0.8901839893981427,0.879630937433281,0.4791666666666667,0.45348837209302323,0.6139534883720931,0.6934549108485302,0.8849074634157119,0.5155361757105944,0.6979661833249455,peak,energy,peak_heat
1986,0.1261943787402112,0.2146798496592742,0.06094108535981639,0.2870162099876081,0.5803607553187786,0.4153830270000718,0.24953101945691183,0.16893396176438,0.317336988385842,0.6761953639002315,0.5409740888380888,0.3952619322028985,0.7125316374127747,0.3006630381279372,0.3208468563944763,66,174,153153964.6239702,33864.662601554744,24553.833615905616,12037.900720987736,2.0726287568293262,1.624445218564891,2.5794325449233297,1.27057776629806,4968,81690266.93829441,24097.039711994134,15424.323248229442,0.21321836364571006,0.6197888932605454,0.7216228019566481,0.7084999578679817,0.25,0.22868217054263565,0.5528239202657808,0.4165036284531277,0.7150613799123149,0.3438353636028055,0.4918001239894161,peak,energy,peak_heat
1987,0.1218331053907035,0.20630056140595598,0.05638784243679379,0.27224349321579544,0.5316988422569063,0.36783852659315336,0.2531955378444842,0.17147569749719271,0.2988313624060137,0.5997578944115741,0.5119881312665308,0.4364814133122736,0.5805787783019689,0.2805504111198068,0.28191408094224496,89,278,157886749.60089278,35885.84301361692,25350.926640925845,12096.80011175352,2.030680897457519,1.6074026055137138,2.556154688235025,1.2450544439114,5220,85849465.98364837,26069.79287505219,16205.991647621719,0.5598402887526992,0.8060940707519004,0.8865920071355778,0.8777308845194733,0.4895833333333333,0.6317829457364341,0.720265780730897,0.6829671797522998,0.8821614458275255,0.6138773532668881,0.7263353262822378,peak,energy,peak_heat
1988,0.1240675530906464,0.20739505866255042,0.046756209661679024,0.2916103090416474,0.541687267995662,0.4577021929028093,0.23532593306369556,0.14074168390739233,0.33677301843525703,0.7247463170668981,0.4633648829352356,0.3619226108505435,0.6215630203747711,0.28921817319365367,0.30888579764258456,97,263,149022600.4999477,27925.23771595807,21413.70095662286,11360.653450014415,2.1056060869510276,1.7327012171329461,2.6639193271810484,1.34476770137823,4885,78110448.85879424,18284.465760460138,12550.659134352485,0.41045968445910636,0.45943623030418984,0.23684559119932416,0.20987332050216312,0.5729166666666666,0.5736434108527132,0.49767441860465117,0.4349479573816481,0.22335945585074363,0.548078165374677,0.40212852620235623,persistence,energy,dark_doldrums
1989,0.1253719141515625,0.2125277877761257,0.048665982193635236,0.27902315429834607,0.5526067952836188,0.4360894009601311,0.2576706547828337,0.15837556430409505,0.2672434404009569,0.790185261145139,0.5194963315271739,0.38940919057314316,0.5161043817827381,0.29006292562691166,0.37704065541368414,69,209,144740993.91363117,28343.47499312565,20503.442586617173,12134.958001624147,2.1292393382482446,1.7716285026683032,2.570694958354991,1.32341505826383,4627,74239391.2980409,18703.44298328893,11744.236436834775,0.39590118275088443,0.2860379249884059,0.27098221293718266,0.24581491978226436,0.28125,0.3643410852713178,0.32624584717607974,0.34096955386964517,0.2583985663597235,0.3239456441491325,0.30777125479283374,energy,persistence,low_vres
1990,0.12614221713030824,0.21213003850869452,0.05195683938069386,0.30120699306844034,0.5769644559464612,0.4444112928211172,0.2827973576381148,0.15790921929485274,0.32306078064007854,0.7816429560444444,0.5653730503632247,0.3910975790425725,0.5741633238585164,0.3030306747077313,0.3817358007416125,77,263,145735715.34546465,27252.070787399014,20406.873268163825,11487.143961015156,2.1164416650554427,1.788694320911469,2.6367505507908335,1.34460404211328,4898,74977311.13984734,17550.267483563504,11649.777497551242,0.17241440755831247,0.3190919542865978,0.18190155330226954,0.14689075528729278,0.3645833333333333,0.5736434108527132,0.506312292358804,0.24575318092245513,0.16439615429478116,0.48151301218161685,0.2972207824662844,persistence,energy,dark_doldrums
1991,0.12544954586501142,0.21858736339730342,0.05572547538983051,0.2623499180101139,0.5403550408671803,0.38460738168782704,0.22244628550552492,0.1681469862449601,0.27701620572244545,0.6951982336164351,0.45849008204030794,0.4564147397830615,0.5548407173988096,0.2824302460963312,0.3152336707335555,79,236,151644491.88895106,32612.119799272506,22940.52762664511,11903.098608491358,2.0792207855882463,1.6826999512335916,2.597493747902573,1.30357253818544,5154,80229514.71416551,22841.64211542368,13938.087226598112,0.5274431275970256,0.5543566551253624,0.6193899734016414,0.6008067590623383,0.3854166666666667,0.4689922480620155,0.6764119601328904,0.540899891361194,0.6100983662319899,0.5102736249538575,0.5537572941823471,peak,energy,cold_cop_hours
1992,0.13006294894467038,0.2398670921642725,0.04849401644111934,0.2879552817706614,0.5566361228365867,0.3740389541484652,0.2787793861455982,0.15086434098097684,0.350691748102029,0.6368806438951388,0.5398303040459692,0.45496049757971013,0.597056847639881,0.29557442643711523,0.3248489531345385,67,115,147255572.9481153,29574.324612875047,21509.469362577693,11053.427237503323,2.1161599781904314,1.7240619590586597,2.7260859210282473,1.32326879949243,5070,76639634.97204149,19985.057044524645,12683.767480181372,0.30091572807660344,0.3935532948543185,0.37144443899728763,0.355757075371711,0.2604166666666667,0.0,0.6205980066445183,0.34723451146546097,0.3636007571844993,0.293671557770395,0.33483560880678515,peak,energy,cold_cop_hours
1993,0.12776245681563925,0.21034650258329132,0.05288859892624471,0.296176035958857,0.5663943534104452,0.50392711954795,0.22447880532407757,0.21177622466342333,0.24852032534963983,0.7442855460451389,0.505468534410779,0.514748850189538,0.5042663787639653,0.29940738921822935,0.3520888487136229,48,207,151753494.86065567,32199.720107122772,22353.952735741314,12051.803589455123,2.0896730781115704,1.7052290808215662,2.554166133445882,1.29313892071936,4865,80380248.69491515,22399.58802537352,13389.207187115993,0.23485827384567992,0.5611085611369079,0.5857298166813593,0.5628855306541649,0.0625,0.35658914728682173,0.48438538205980064,0.3979834174912939,0.5743076736677621,0.30115817644887416,0.42448308920264344,peak,energy,peak_heat
1994,0.12924952655505847,0.24801584279456487,0.051425924057468216,0.29556154267404405,0.5623285728998288,0.3833893404859843,0.2866952398646331,0.1737533734097955,0.3408093407806601,0.6330036033875001,0.5646375590552536,0.4100723640167573,0.6440251855048077,0.29872883932687927,0.2860548366623663,81,217,146747038.9131766,31621.760976971684,21735.72349852013,11933.584362239111,2.1154713783795316,1.7191670682642677,2.6251877696548274,1.31198098786649,4943,76051873.90086566,21977.640341826656,12880.323141896455,0.24655243341647212,0.36722540588005986,0.5385566609561604,0.5266891129663102,0.40625,0.3953488372093023,0.5362126245847176,0.306888919648266,0.5326228869612353,0.44593715393134,0.4284829868469471,peak,persistence,peak_heat
1995,0.12795336920356734,0.22856104176222275,0.04957915503482521,0.28374725948877355,0.5419110036302511,0.4335142649435252,0.3307120599726221,0.13043527912684788,0.24314187550916302,0.6839381572296296,0.5857827566700634,0.36323851678464675,0.537726648533425,0.2891873709595928,0.3842145625629186,114,311,149836962.87068617,31190.87378458262,21367.11479565609,11278.717723529126,2.1053632660104373,1.7371136207934694,2.689309365013301,1.31167434164754,4899,78802049.1114049,21508.420890476413,12534.43416226874,0.4109905315564777,0.4904154420251639,0.5033875502592685,0.4864375274958732,0.75,0.7596899224806202,0.5069767441860465,0.45070298679082077,0.49491253887757086,0.6722222222222222,0.5392792492968712,persistence,peak,dark_doldrums
1996,0.1254628347595177,0.2143038619795867,0.056984283003840036,0.23127857531146126,0.47360954324394977,0.25356000791347605,0.21500988123988657,0.1587089817061316,0.29905652621359163,0.49410169814143523,0.4620876748455617,0.41271029600181164,0.5265595289379579,0.25501028380792123,0.23661949648531821,84,277,156441809.903304,33363.39666826384,24644.068688523355,12212.915000832074,2.0506682265732175,1.6163708851075471,2.53354558330592,1.27332291569357,4927,84788251.395174,23666.023776199392,15521.091905166448,1.0,0.7585585308303413,0.6807093624117319,0.6715256279913364,0.4375,0.627906976744186,0.5255813953488372,0.8792792654151707,0.6761174952015341,0.5303294573643411,0.6952420726603487,energy,peak,low_vres
1997,0.12810155451156535,0.21019757177524362,0.05446207700587041,0.27054704045159933,0.5243176748795091,0.3557948896043538,0.2954480510967815,0.14283476193586173,0.2901770428729532,0.6062925674266203,0.5884823321929348,0.3446491699001359,0.5600167260446428,0.2808233791671157,0.3170819269309481,107,308,151061750.1123757,33668.194631724415,22522.10427647398,11519.883148555167,2.093325979228798,1.6955546238688786,2.6443958534952294,1.28700797109629,5110,79796258.75110385,23928.44956078341,13575.890818614655,0.5551359450579314,0.5349495942424367,0.7055870415502037,0.6940375973213235,0.6770833333333334,0.748062015503876,0.6471760797342193,0.5450427696501841,0.6998123194357636,0.6907738095238095,0.6452096328699191,peak,persistence,dark_doldrums
1998,0.12238403756324202,0.2027142034230511,0.047758005422801904,0.31093712910320437,0.5780529446640411,0.4455672011295426,0.27123679830668573,0.2071811577591513,0.3228192534390522,0.7187369207592593,0.5296394846691576,0.507737203377491,0.5589488641071428,0.3039611370950367,0.3591744210161576,69,206,149448455.94928113,30100.344903548044,20714.220538340247,11744.67268841605,2.097258899283953,1.7692138702199562,2.6185399231037887,1.28755800880376,4926,78385460.865946,20419.340079416528,11959.967295010529,0.1563787766187511,0.4717549869315973,0.4143783348249128,0.3930116705233157,0.28125,0.35271317829457366,0.5249169435215947,0.31406688177517417,0.4036950026741143,0.3862933739387227,0.3680184194626704,peak,persistence,cold_cop_hours
1999,0.1278198184141945,0.2099629618635333,0.051310670937124825,0.2684580626828194,0.5037619863996005,0.45076428868876584,0.21667477431121568,0.1299901338850947,0.2804970916832924,0.6645395163055555,0.45577261799207425,0.32519101094134967,0.5738012605107601,0.2740432928172779,0.3162393859350171,60,250,146220136.09347495,31260.41577307427,22345.597767390373,11248.778444295232,2.148140250685673,1.7022275209438016,2.707404112148688,1.29474103534133,4671,75668892.50816394,21477.225115250552,13360.948856818895,0.6719842603984568,0.35007032011351485,0.5090635831851589,0.48376142485518586,0.1875,0.5232558139534884,0.3554817275747508,0.5110272902559858,0.49641250402017234,0.3554125138427464,0.45428410270630154,energy,peak,low_vres
2000,0.12943567758364014,0.21187080527083332,0.04827615410544668,0.26223869210520456,0.5328391544659817,0.3779385582882391,0.26049962264290405,0.15450131163170422,0.2584897408702658,0.6491445726918982,0.5236326436202445,0.42347235194225546,0.5376881345721154,0.281991989014442,0.34940611166652463,85,288,143052685.88917696,30346.0747816789,21943.65540878108,11617.846379975337,2.1638850350794745,1.7188199051286572,2.6272180122140973,1.31309050112334,4399,73023717.64850475,20541.909693225887,12989.491318960501,0.5349960700025503,0.23158361958520768,0.43443486339704684,0.4035261990070107,0.4479166666666667,0.6705426356589147,0.17475083056478405,0.383289844793879,0.41898053120202877,0.43107004429678847,0.41111347343089877,persistence,peak,dark_doldrums
2001,0.12096230565460903,0.202100653968582,0.0539037454213012,0.2508154540865808,0.4989627776555936,0.32152591665500924,0.22334684303825025,0.15840444848549007,0.302079004642495,0.5756451892069444,0.47268057445403083,0.3735537405219656,0.5764812070096154,0.26521168063309936,0.2603376436990622,65,219,149559331.45572355,30464.577670664956,21929.632873806557,12057.298760351643,2.098163392145225,1.7115662002999423,2.586599146205038,1.31525662012019,4815,78503388.23561496,20809.147473091318,13032.116465238718,0.8241886649171118,0.47703736925994644,0.44410709616299304,0.4264509611971313,0.23958333333333334,0.40310077519379844,0.4511627906976744,0.6506130170885291,0.4352790286800622,0.36461563307493544,0.483502559614509,energy,peak,low_vres
2002,0.12894483826395547,0.2207824432573925,0.05061305680976342,0.27533773939139866,0.5655073978594749,0.41862497042902347,0.24128909809044766,0.17019969288322329,0.2743413051612159,0.7125256352675927,0.5188675036465127,0.497661795283288,0.5358483246492675,0.29468304629484576,0.38770298608953646,60,204,145399014.43590677,32599.754679128273,20988.658755666132,11100.151036351259,2.1619333171642987,1.759389473719046,2.730026661609479,1.2705421835662,4710,75126746.78959368,22754.962650474292,12210.360208711176,0.316277813834505,0.32578570347867547,0.6183807294816218,0.5933710360080146,0.1875,0.3449612403100775,0.3813953488372093,0.3210317586565902,0.6058758827448182,0.3046188630490956,0.41050883481683464,peak,energy,peak_heat
2003,0.13692782044817353,0.2332158459330057,0.05620124360805085,0.24893281545290355,0.5058975800312786,0.3386186843311769,0.23421083668527215,0.17704332885291602,0.2477957452856105,0.5785095340965277,0.5055898589943388,0.43606564422486416,0.5049939818303572,0.2741901030116447,0.23898776540222083,44,276,149080478.72493762,32403.44895686914,23701.728533308094,11167.164443901409,2.1294793869059463,1.6527570591782195,2.7171066116213636,1.28478029162385,4768,78276926.65816371,22692.89256934556,14638.67596147632,0.6694541268571657,0.466893357414888,0.6023582117588601,0.5880464076949288,0.020833333333333332,0.624031007751938,0.41993355481727573,0.5681737421360269,0.5952023097268944,0.3549326319675157,0.5061028946101457,peak,energy,low_vres
2004,0.13024935323705067,0.22282662839772344,0.05287369151769951,0.26928978790119074,0.5572790288182649,0.35342686924510663,0.2539463841379443,0.16743898114069317,0.30455934885978436,0.6273941030537037,0.5355989035921649,0.45537913303509964,0.6128724931222528,0.2913705470178742,0.28703575409115384,65,215,148622150.20264724,30150.931409576217,23192.634442468778,11536.528875913846,2.1070128888766977,1.67437347081175,2.627492845399056,1.27556396724116,4760,77826743.57148375,20443.04479361963,14167.051641906442,0.37336557645423885,0.44672807103331763,0.41850721695856274,0.3950451589625794,0.23958333333333334,0.3875968992248062,0.41461794019933557,0.4100468237437782,0.4067761879605711,0.34726605758582507,0.38802968976339147,energy,peak,annual_electricity_for_heat
2005,0.13601751119691782,0.22959149788991096,0.05489775076178496,0.2482006054479139,0.5095190284738014,0.39991588923901394,0.23099324774739413,0.15899779424460483,0.20573203399685056,0.6774357920812499,0.44720640207948364,0.4189277820575182,0.4980316391760531,0.2746781082706906,0.33283223165111286,77,267,149046106.4354874,30166.303169883555,22318.28472687014,11704.570570759215,2.1160591505346744,1.7007840729593109,2.637743710265993,1.31995691574303,4831,78100874.42134057,20474.39579850724,13369.331809241603,0.6610438221125666,0.45900735752129695,0.41976186353289563,0.39773457784576177,0.3645833333333333,0.5891472868217055,0.46179401993355484,0.5600255898169317,0.4087482206893287,0.4718415466961979,0.4802051190674861,energy,persistence,low_vres
2006,0.13556328630035672,0.2518757069240171,0.0572956851341808,0.2330599042429988,0.49800100174006856,0.2998651883984958,0.19478174556627598,0.1330188392507912,0.3068279592270305,0.605736216849537,0.5190307073552989,0.2625088919562953,0.608268823978022,0.2673878505723261,0.22983399171319352,58,242,147384061.92771292,36636.93661735613,24559.89305718863,11704.944378135797,2.147054999634128,1.6241627182279808,2.6792552702622663,1.25791178368296,4514,76950003.24013883,26828.4813305033,15434.843764735722,0.7866844535880888,0.4074557829644153,0.9478964379940854,0.942814318554754,0.16666666666666666,0.49224806201550386,0.25116279069767444,0.5970701182762521,0.9453553782744197,0.303359173126615,0.6152615565590956,peak,energy,peak_heat
2007,0.12912667277515696,0.21902501661496135,0.04570221453663488,0.2905779860646462,0.5700528752328197,0.43791036599849875,0.2566824404151604,0.1863840246315399,0.28447161746631355,0.7025372814701388,0.5253645997384512,0.48226580262998187,0.5729554627447344,0.29978606046523065,0.373575403988066,58,200,144358298.22876716,27928.771720983324,20839.174778348628,11075.720888062126,2.1449007314109343,1.7624321966479468,2.7266941192648644,1.33264490641106,4750,74006490.08377984,18360.23178479681,12071.281684511296,0.22833223641828682,0.2756054591247374,0.23713403749369527,0.2163728434771099,0.16666666666666666,0.32945736434108525,0.4079734219269103,0.25196884777151207,0.22675344048540258,0.3013658176448874,0.26002936863393405,persistence,energy,cold_cop_hours
2008,0.12777765442291666,0.24123518668955815,0.0472317837412606,0.2773282111654764,0.5628055401742009,0.41994454566771455,0.23436635223032948,0.1686373754108603,0.2895982969485177,0.683826929445139,0.44234216248301633,0.47076134124999996,0.6579568809899268,0.29381504344077214,0.3798201049864696,126,193,143671330.45184654,28166.140976350853,20651.920926737377,11107.043678312322,2.1410723928457136,1.7659424783956397,2.720110140147349,1.34218118190166,4895,73474868.52464257,18575.408342766776,11900.998339783042,0.3312370143484774,0.25179225666597627,0.25650817013331584,0.23483157870097723,0.875,0.3023255813953488,0.5043189368770764,0.29151463550722684,0.24566987441714655,0.5605481727574751,0.36591089422728285,persistence,energy,wind_drought
2009,0.13196338161176513,0.2195878326750252,0.050932318493246816,0.23456127422736883,0.5135146603575341,0.27256423454431444,0.23008346155875595,0.16391233691720147,0.27292824751882705,0.4953402350657408,0.4812625252957427,0.48092837466644023,0.5970402975611264,0.270730181689459,0.25355844887057577,60,255,148142852.438942,31934.184693573578,22980.750075698812,11848.924682194887,2.1271065124679307,1.675442430385562,2.6160271938969037,1.27472776585731,4770,77348558.75008959,22126.548767042055,13941.856302450264,0.7290825676834147,0.42530848830788226,0.5640567558013682,0.5394630936433213,0.1875,0.5426356589147286,0.4212624584717608,0.5771955279956484,0.5517599247223448,0.3837993724621631,0.5042516083933855,energy,peak,low_vres
2010,0.12650150580718467,0.2260116638500504,0.057954585801421266,0.2562837382558701,0.513920795474943,0.32713650571591146,0.2345310190254186,0.15361120593040717,0.31200213464862175,0.581509096774074,0.5090103005951087,0.35958266453532606,0.6080738334800825,0.2735512271720597,0.2512569768240336,61,279,152944928.67959183,33885.83321238386,23948.138871579737,11465.041547942395,2.0804856499393973,1.6363275399035482,2.6823917092118936,1.2749653845169,4837,81702945.66748613,24249.356960522266,14923.502250899017,0.6804645420223141,0.6203568182063512,0.7233507520301741,0.7215663615094101,0.19791666666666666,0.6356589147286822,0.46578073089700994,0.6504106801143327,0.7224585567697921,0.4331187707641196,0.6019960025494148,peak,energy,peak_heat
2011,0.13282976760179793,0.20627573343518985,0.05325377119125177,0.26166796815122956,0.5723407668067352,0.3797624381083562,0.24978848647617813,0.18586357494673092,0.2335186735663637,0.7041126724944444,0.5762636559816576,0.44842038624252717,0.5633330491794871,0.29523457630537264,0.2928157836068235,58,198,146390640.27572232,32097.17749314113,23301.60731527013,11104.817737081186,2.156068438186085,1.673480645321336,2.71355573727157,1.28733381232956,4624,75901719.27256852,22337.12010209068,14224.743103064833,0.3067727206447479,0.3604994511058359,0.5773602651932457,0.5575267737954196,0.16666666666666666,0.32170542635658916,0.32425249169435216,0.3336360858752919,0.5674435194943326,0.270874861572536,0.39065148898072016,peak,energy,peak_heat
2012,0.13092405481766553,0.21955556335055443,0.054413059975812146,0.25414103754337003,0.5436248539828766,0.3667636088181863,0.263392719285119,0.1467577864284819,0.2419660152092528,0.6333517788530093,0.5488433027617754,0.3934855661265852,0.6013973150467034,0.2839595427405337,0.3164723872867588,44,177,147835653.3422366,33950.37315056364,23545.70486502138,11481.471000175345,2.1367871121969086,1.6634075742726684,2.6683497570509402,1.27247932054923,4723,77436642.97682905,24296.14051413902,14550.373334622878,0.5010871599425348,0.4292540911313914,0.7286185164713265,0.725579648259558,0.020833333333333332,0.24031007751937986,0.39003322259136214,0.4651706255369631,0.7270990823654422,0.2170588778146918,0.4697761952390323,peak,energy,peak_heat
2013,0.1280939318392195,0.2264685171738071,0.046862354604608046,0.2405609890275555,0.5134259802652968,0.34937537291271176,0.23417881400574067,0.12205288662170269,0.25920506566141654,0.6253161962891204,0.5356881582395834,0.35947338944723733,0.5359028872925824,0.27036148745704325,0.2532510731575064,77,283,148428499.0277935,29487.13235413606,22873.929427475065,11243.211900642691,2.124972091373592,1.6781649709623747,2.7013752656728682,1.30039438975313,4649,77637114.75842854,19698.364287600474,13868.607116490119,0.735436660789409,0.43823392846200004,0.3643277869972565,0.3311633847736742,0.3645833333333333,0.6511627906976745,0.3408637873754153,0.5868352946257045,0.34774558588546534,0.45220330380214097,0.4622613947711036,energy,persistence,low_vres
2014,0.13223010178269118,0.2350891830171791,0.054964783599885235,0.24023050797881385,0.5402145375943493,0.38966320452894776,0.23100916966951998,0.13554283483836777,0.20760068780149557,0.7486612403233796,0.5094318553337863,0.40909791170108695,0.4977368794024726,0.2802009242051079,0.3424599476536658,77,305,143092433.60368776,31825.71776680322,21726.082975385412,11644.76531312161,2.16223523606686,1.7289967826455128,2.6644132734104264,1.30472370013572,4445,73023234.07736975,22116.455640419954,12864.314648278558,0.5658633620749289,0.23156195873052066,0.5552036605552835,0.5385972634913011,0.3645833333333333,0.7364341085271318,0.2053156146179402,0.3987126604027248,0.5469004620232922,0.4354443521594684,0.4603524915284951,peak,persistence,dark_doldrums
2015,0.1352374846356093,0.23748441005775373,0.050402004861670194,0.2776785372784231,0.5786451545065068,0.40878112956156454,0.2682742220426821,0.1568161290661571,0.27971485872604873,0.6969025020594908,0.6066298562839674,0.4705783979913949,0.5426494155625,0.30207427335201986,0.3012727992494302,54,178,142254668.96349323,27589.426245301187,21084.214909219078,11385.953195139382,2.1571292076178787,1.741829144790606,2.683365643099451,1.35900324199663,4670,72191126.79916728,17945.94609736991,12280.170577808205,0.1888970718546089,0.19428894234758703,0.2094365825459546,0.18083370351039244,0.125,0.2441860465116279,0.3548172757475083,0.19159300710109797,0.19513514302817353,0.24133444075304541,0.20935419696077232,persistence,peak,cold_cop_hours
2016,0.12934787602677655,0.22760649316397852,0.04863826327392302,0.23774567100303068,0.506096634119121,0.38253551071380276,0.17282481573464767,0.13525013117904214,0.26380306412971954,0.6551162070453703,0.4521341308745471,0.3955764103423913,0.5250048684333791,0.2680708448520506,0.2939374085578025,102,290,144573844.74388054,31036.2012319487,21765.941818999494,11135.70122856208,2.155151922452215,1.7269214853081098,2.723675333551775,1.3182919991162,4899,74417865.75408952,21345.908182280138,12909.634004257214,0.7749136992266884,0.29403242461423035,0.49076314131549664,0.4724965151504328,0.625,0.6782945736434108,0.5069767441860465,0.5344730619204594,0.48162982823296474,0.603423772609819,0.539842220921081,persistence,energy,low_vres
2017,0.12510772271834333,0.22423109346652387,0.05374827952758651,0.28771377010910704,0.5837515012383562,0.36808652492686716,0.2610166076282509,0.18331588233007867,0.3407598875850517,0.655194542645602,0.5259862871888586,0.5081652235002264,0.6479104409945055,0.301344108255736,0.2811491203821265,42,176,146208420.42767727,31960.193855556674,23170.37677141212,11133.131365969033,2.139157631178316,1.6751287069397767,2.7128982794111516,1.30605153187125,4791,75632647.54571837,22183.653444555846,14110.854297519023,0.20148077020577584,0.3484467805598758,0.5661796295211583,0.5443617690948478,0.0,0.2364341085271318,0.43521594684385384,0.27496377538282585,0.555270699308003,0.22388335179032856,0.3513726088270524,peak,energy,peak_heat
2018,0.13868121370074912,0.229530450609291,0.05468063855256886,0.23639837621145315,0.4895212086609019,0.32220230240602693,0.23394034036643996,0.1331354512509647,0.2584200799102941,0.5481552161819445,0.5113991425045289,0.36903319862907613,0.5312252342918956,0.267089603647564,0.2498450996375824,54,264,141924060.5539409,30761.4666155108,22468.303663835377,11025.322935038243,2.217578186170872,1.695574343309314,2.7570422575630813,1.30220652043621,4136,72309863.41462833,21269.348114988872,13503.82226096264,0.7918244546022024,0.19960757364581846,0.46833923940232863,0.46592887588626997,0.125,0.5775193798449613,0.0,0.49571601412401045,0.46713405764429927,0.2341731266149871,0.3990077327944323,energy,peak,low_vres
2019,0.13456185573784246,0.24654714917809142,0.05352082993392479,0.28422474881813786,0.5707988772859589,0.4092746479988867,0.3017326307584387,0.14154705559658237,0.2870943280665778,0.7085881554467592,0.6158410649150815,0.3896183324535779,0.5721581501236264,0.3009878987110459,0.3306656041192747,46,120,140303383.36165458,26893.67484097902,21454.54522278675,11038.446096364454,2.1913021237821075,1.7317517651975265,2.76946337891556,1.3409253940433,4441,70638179.07700232,17393.052644879204,12611.846950208495,0.20761970163785795,0.12472694306411305,0.15264919459771764,0.13340421610330977,0.041666666666666664,0.01937984496124031,0.2026578073089701,0.1661733223509855,0.1430267053505137,0.08790143964562569,0.13236715578237498,energy,peak,low_vres
2020,0.1318675745398687,0.22038304726587704,0.04794349866167902,0.26969775839420124,0.5695054269899543,0.4463325839309545,0.2636804736057764,0.1377647965943792,0.23447015826025525,0.7748620459388889,0.5307966101100543,0.390467794207654,0.5865447419736722,0.2958712940932733,0.386607029716999,63,161,141042901.4552152,25023.437533941425,20198.63446169195,11144.578219871959,2.1694951733273276,1.782277725038211,2.7182430019978847,1.35908040576678,4625,71259106.94090223,15837.937427522655,11492.860200984056,0.29579949744010303,0.1525404895262437,0.0,0.0,0.21875,0.17829457364341086,0.32491694352159467,0.22416999348317335,0.0,0.24065383905500184,0.15494127751272505,persistence,energy,cold_cop_hours
2021,0.13105403048387557,0.23503637365965224,0.05617245821133475,0.24721155550003104,0.5109126448501141,0.3155112837679761,0.25794880965511147,0.1265850771779504,0.2907591717555143,0.6175908690402778,0.5308639413564312,0.35251823268750004,0.5453711774134615,0.2725705395631265,0.2777535731636044,68,252,147906683.78095382,31801.344379628426,22487.750063972817,11126.862893788759,2.1196358426346364,1.6962951014061831,2.7511298922437915,1.30028428818741,4858,77172750.93937582,22151.530132873468,13573.517197343348,0.697365756706979,0.4174334371208075,0.5532142991475892,0.5416060985401512,0.2708333333333333,0.5310077519379846,0.479734219269103,0.5573995969138932,0.5474101988438702,0.42719176818014026,0.5106671879793012,energy,peak,low_vres
2022,0.1354257450626641,0.23906141817578128,0.05041539684313206,0.2558778334928228,0.5088097677761416,0.47210998943813237,0.22034985170671245,0.13837982581664937,0.19672944882746277,0.7002108017895833,0.47681517552151265,0.3683972621619112,0.4938137231907051,0.2760367985220965,0.38780466720210177,105,282,143600199.27855867,27886.07727236081,20617.274387371683,11100.594748119192,2.1541979845275954,1.7636723131955612,2.736768004890076,1.33551964131167,4582,73395202.46772312,18307.802961521065,11866.219273545426,0.6376280927612478,0.24822373332468653,0.23364930688143748,0.21187528214386736,0.65625,0.6472868217054264,0.2963455149501661,0.44292591304296713,0.22276229451265242,0.5332941122185308,0.3996607732580501,persistence,energy,wind_drought
2023,0.13084435707483588,0.23722249083715558,0.04568240427476166,0.2640371683805457,0.5393331303643836,0.4155277590249844,0.23674645041153067,0.12898790750903427,0.2783352441533914,0.6754787342710649,0.5613056263324274,0.37312091808288045,0.550508400136218,0.28501539270979,0.31407954096210594,70,221,140869527.8525191,26589.055533229508,20779.325610323784,11110.591636194387,2.198040570477226,1.7636305320163659,2.738325517112198,1.34747897099613,4400,71145193.21539235,17106.50559968874,11989.209756743647,0.4828905937346585,0.14743789245926106,0.127786097379038,0.10882302526052906,0.2916666666666667,0.4108527131782946,0.17541528239202658,0.3151642430969598,0.11830456131978354,0.2926448874123293,0.24203789727635752,energy,persistence,low_vres
2024,0.13281095020632847,0.23158595586231517,0.04180999084308793,0.25950265249974286,0.5437126162841325,0.41145452833670393,0.228576103330862,0.11907581914877982,0.28245696421951355,0.698444214087963,0.5140887307563407,0.38174545533559784,0.5843778083003663,0.28614264889055696,0.33969707691319,50,355,136740659.79650158,30538.20423582659,20438.81066386077,10969.832275562163,2.2394044621310147,1.781345401931445,2.7727521182727175,1.31189158021052,4225,67853692.94780578,20905.906313400847,11745.412119293065,0.46346340964238397,0.0,0.4501165131661872,0.4347513347633418,0.08333333333333333,0.9302325581395349,0.05913621262458472,0.23173170482119199,0.44243392396476455,0.3575673680324843,0.34391099893948024,peak,persistence,dark_doldrums
2025,0.1343858514599743,0.2301476279937416,0.05576046325957804,0.2403696554400095,0.5118402464594749,0.30017325480194756,0.2120085824168434,0.1878847220694286,0.2629576625350678,0.6045218909425926,0.4775937726444746,0.42996324079596915,0.5375766432566392,0.2727402294563436,0.2827800969011884,69,247,143915759.20532942,29159.80889913905,21666.2622170155,11120.88668725835,2.1598959562063964,1.7278756964692135,2.723479152429385,1.29273040311682,4675,73644680.11997473,19653.532129436608,12758.857795588154,0.6944413133990845,0.259398716242319,0.3376115721136061,0.327317496797453,0.28125,0.5116279069767442,0.3581395348837209,0.4769200148207018,0.33246453445552954,0.383672480620155,0.3976856766321288,energy,persistence,low_vres
